event_id,user_id,event_type,event_date
1,1,lesson_start,2026-01-24
2,1,lesson_complete,2026-01-26
3,2,lesson_start,2026-01-31
4,2,lesson_complete,2026-02-02
5,3,lesson_start,2026-01-12
6,3,lesson_complete,2026-01-13
7,5,lesson_start,2026-01-08
8,6,lesson_start,2026-02-06
9,6,lesson_complete,2026-02-06
10,7,lesson_start,2026-01-24
11,7,lesson_complete,2026-01-26
12,8,lesson_start,2026-01-15
13,9,lesson_start,2026-02-15
14,9,lesson_complete,2026-02-18
15,10,lesson_start,2026-02-12
16,10,lesson_complete,2026-02-13
17,11,lesson_start,2026-02-14
18,12,lesson_start,2026-01-19
19,13,lesson_start,2026-02-18
20,14,lesson_start,2026-01-31
21,15,lesson_start,2026-01-02
22,16,lesson_start,2026-01-02
23,16,lesson_complete,2026-01-03
24,17,lesson_start,2026-01-18
25,17,lesson_complete,2026-01-20
26,21,lesson_start,2026-01-16
27,22,lesson_start,2026-02-19
28,25,lesson_start,2026-02-02
29,27,lesson_start,2026-02-14
30,28,lesson_start,2026-01-06
31,28,lesson_complete,2026-01-08
32,29,lesson_start,2026-01-18
33,29,lesson_complete,2026-01-18
34,35,lesson_start,2026-02-02
35,35,lesson_complete,2026-02-02
36,38,lesson_start,2026-02-15
37,39,lesson_start,2026-02-05
38,39,lesson_complete,2026-02-07
39,40,lesson_start,2026-01-14
40,41,lesson_start,2026-01-24
41,41,lesson_complete,2026-01-25
42,42,lesson_start,2026-01-10
43,42,lesson_complete,2026-01-10
44,44,lesson_start,2026-01-09
45,44,lesson_complete,2026-01-11
46,45,lesson_start,2026-02-09
47,45,lesson_complete,2026-02-10
48,46,lesson_start,2026-01-16
49,48,lesson_start,2026-01-08
50,48,lesson_complete,2026-01-10
51,50,lesson_start,2026-01-17
52,50,lesson_complete,2026-01-20
53,51,lesson_start,2026-02-03
54,51,lesson_complete,2026-02-04
55,52,lesson_start,2026-01-28
56,53,lesson_start,2026-01-25
57,53,lesson_complete,2026-01-28
58,54,lesson_start,2026-01-29
59,54,lesson_complete,2026-02-01
60,55,lesson_start,2026-01-22
61,56,lesson_start,2026-01-14
62,56,lesson_complete,2026-01-15
63,57,lesson_start,2026-01-30
64,58,lesson_start,2026-01-31
65,58,lesson_complete,2026-02-01
66,59,lesson_start,2026-02-17
67,59,lesson_complete,2026-02-18
68,61,lesson_start,2026-01-05
69,61,lesson_complete,2026-01-08
70,64,lesson_start,2026-02-01
71,65,lesson_start,2026-01-07
72,65,lesson_complete,2026-01-07
73,66,lesson_start,2026-02-04
74,67,lesson_start,2026-01-11
75,68,lesson_start,2026-02-06
76,68,lesson_complete,2026-02-08
77,69,lesson_start,2026-02-13
78,69,lesson_complete,2026-02-16
79,71,lesson_start,2026-01-20
80,72,lesson_start,2026-02-05
81,73,lesson_start,2026-02-18
82,74,lesson_start,2026-02-13
83,76,lesson_start,2026-01-12
84,78,lesson_start,2026-01-25
85,79,lesson_start,2026-01-15
86,79,lesson_complete,2026-01-16
87,80,lesson_start,2026-01-12
88,81,lesson_start,2026-02-04
89,82,lesson_start,2026-01-12
90,82,lesson_complete,2026-01-15
91,84,lesson_start,2026-01-15
92,85,lesson_start,2026-02-03
93,85,lesson_complete,2026-02-06
94,86,lesson_start,2026-01-20
95,86,lesson_complete,2026-01-22
96,87,lesson_start,2026-02-14
97,87,lesson_complete,2026-02-17
98,88,lesson_start,2026-02-17
99,88,lesson_complete,2026-02-19
100,89,lesson_start,2026-02-10
101,89,lesson_complete,2026-02-12
102,90,lesson_start,2026-01-15
103,90,lesson_complete,2026-01-17
104,91,lesson_start,2026-01-12
105,93,lesson_start,2026-01-04
106,94,lesson_start,2026-01-26
107,94,lesson_complete,2026-01-29
108,95,lesson_start,2026-02-12
109,95,lesson_complete,2026-02-14
110,97,lesson_start,2026-01-18
111,97,lesson_complete,2026-01-18
112,98,lesson_start,2026-01-17
113,98,lesson_complete,2026-01-17
114,99,lesson_start,2026-01-26
115,99,lesson_complete,2026-01-29
116,100,lesson_start,2026-01-05
117,100,lesson_complete,2026-01-05
118,101,lesson_start,2026-01-14
119,102,lesson_start,2026-02-14
120,102,lesson_complete,2026-02-15
121,103,lesson_start,2026-01-25
122,106,lesson_start,2026-02-07
123,106,lesson_complete,2026-02-09
124,107,lesson_start,2026-01-04
125,109,lesson_start,2026-02-14
126,110,lesson_start,2026-01-19
127,111,lesson_start,2026-01-26
128,111,lesson_complete,2026-01-26
129,113,lesson_start,2026-01-21
130,115,lesson_start,2026-01-21
131,115,lesson_complete,2026-01-23
132,116,lesson_start,2026-01-24
133,117,lesson_start,2026-01-24
134,118,lesson_start,2026-01-08
135,118,lesson_complete,2026-01-08
136,119,lesson_start,2026-02-16
137,119,lesson_complete,2026-02-18
138,122,lesson_start,2026-01-06
139,122,lesson_complete,2026-01-08
140,124,lesson_start,2026-01-18
141,124,lesson_complete,2026-01-18
142,125,lesson_start,2026-02-12
143,125,lesson_complete,2026-02-13
144,126,lesson_start,2026-02-04
145,126,lesson_complete,2026-02-05
146,129,lesson_start,2026-02-17
147,130,lesson_start,2026-01-14
148,130,lesson_complete,2026-01-15
149,131,lesson_start,2026-02-09
150,131,lesson_complete,2026-02-11
151,132,lesson_start,2026-02-07
152,132,lesson_complete,2026-02-10
153,133,lesson_start,2026-02-07
154,134,lesson_start,2026-01-27
155,135,lesson_start,2026-02-13
156,136,lesson_start,2026-01-16
157,136,lesson_complete,2026-01-18
158,139,lesson_start,2026-01-27
159,140,lesson_start,2026-02-04
160,141,lesson_start,2026-01-14
161,141,lesson_complete,2026-01-16
162,142,lesson_start,2026-02-15
163,144,lesson_start,2026-01-18
164,144,lesson_complete,2026-01-19
165,145,lesson_start,2026-01-11
166,145,lesson_complete,2026-01-13
167,147,lesson_start,2026-02-11
168,147,lesson_complete,2026-02-12
169,149,lesson_start,2026-02-11
170,149,lesson_complete,2026-02-13
171,150,lesson_start,2026-01-14
172,150,lesson_complete,2026-01-16
173,151,lesson_start,2026-01-04
174,151,lesson_complete,2026-01-07
175,152,lesson_start,2026-01-04
176,153,lesson_start,2026-01-08
177,153,lesson_complete,2026-01-11
178,154,lesson_start,2026-02-02
179,154,lesson_complete,2026-02-04
180,155,lesson_start,2026-01-30
181,155,lesson_complete,2026-01-31
182,157,lesson_start,2026-01-14
183,157,lesson_complete,2026-01-17
184,158,lesson_start,2026-01-11
185,158,lesson_complete,2026-01-14
186,159,lesson_start,2026-02-08
187,159,lesson_complete,2026-02-10
188,160,lesson_start,2026-01-18
189,160,lesson_complete,2026-01-21
190,161,lesson_start,2026-01-07
191,162,lesson_start,2026-01-09
192,162,lesson_complete,2026-01-12
193,163,lesson_start,2026-01-20
194,163,lesson_complete,2026-01-23
195,164,lesson_start,2026-01-30
196,165,lesson_start,2026-01-14
197,165,lesson_complete,2026-01-14
198,167,lesson_start,2026-01-15
199,167,lesson_complete,2026-01-17
200,168,lesson_start,2026-02-05
201,168,lesson_complete,2026-02-06
202,170,lesson_start,2026-01-07
203,170,lesson_complete,2026-01-10
204,172,lesson_start,2026-01-05
205,174,lesson_start,2026-02-01
206,174,lesson_complete,2026-02-03
207,178,lesson_start,2026-01-12
208,179,lesson_start,2026-01-30
209,182,lesson_start,2026-01-11
210,183,lesson_start,2026-01-09
211,183,lesson_complete,2026-01-12
212,184,lesson_start,2026-02-01
213,184,lesson_complete,2026-02-01
214,185,lesson_start,2026-02-01
215,185,lesson_complete,2026-02-03
216,187,lesson_start,2026-02-08
217,187,lesson_complete,2026-02-09
218,188,lesson_start,2026-01-03
219,189,lesson_start,2026-02-14
220,189,lesson_complete,2026-02-16
221,195,lesson_start,2026-02-08
222,198,lesson_start,2026-01-25
223,198,lesson_complete,2026-01-26
224,199,lesson_start,2026-02-12
225,199,lesson_complete,2026-02-14
226,200,lesson_start,2026-01-13
227,200,lesson_complete,2026-01-14
228,202,lesson_start,2026-02-07
229,205,lesson_start,2026-02-11
230,205,lesson_complete,2026-02-12
231,206,lesson_start,2026-02-15
232,206,lesson_complete,2026-02-15
233,208,lesson_start,2026-01-25
234,208,lesson_complete,2026-01-27
235,209,lesson_start,2026-01-17
236,210,lesson_start,2026-01-06
237,210,lesson_complete,2026-01-08
238,212,lesson_start,2026-01-11
239,212,lesson_complete,2026-01-11
240,213,lesson_start,2026-01-31
241,213,lesson_complete,2026-02-01
242,215,lesson_start,2026-01-26
243,216,lesson_start,2026-02-13
244,216,lesson_complete,2026-02-13
245,218,lesson_start,2026-01-12
246,219,lesson_start,2026-01-13
247,219,lesson_complete,2026-01-14
248,222,lesson_start,2026-01-27
249,222,lesson_complete,2026-01-28
250,223,lesson_start,2026-02-05
251,223,lesson_complete,2026-02-06
252,225,lesson_start,2026-02-01
253,225,lesson_complete,2026-02-03
254,226,lesson_start,2026-01-11
255,226,lesson_complete,2026-01-13
256,227,lesson_start,2026-02-16
257,227,lesson_complete,2026-02-17
258,228,lesson_start,2026-02-16
259,229,lesson_start,2026-01-27
260,229,lesson_complete,2026-01-29
261,230,lesson_start,2026-01-13
262,230,lesson_complete,2026-01-16
263,231,lesson_start,2026-02-08
264,231,lesson_complete,2026-02-09
265,232,lesson_start,2026-01-29
266,233,lesson_start,2026-01-19
267,234,lesson_start,2026-02-05
268,234,lesson_complete,2026-02-08
269,235,lesson_start,2026-01-04
270,236,lesson_start,2026-01-19
271,236,lesson_complete,2026-01-21
272,237,lesson_start,2026-01-15
273,238,lesson_start,2026-02-03
274,238,lesson_complete,2026-02-05
275,239,lesson_start,2026-01-17
276,239,lesson_complete,2026-01-17
277,240,lesson_start,2026-01-28
278,240,lesson_complete,2026-01-28
279,241,lesson_start,2026-01-15
280,243,lesson_start,2026-01-24
281,243,lesson_complete,2026-01-27
282,244,lesson_start,2026-02-08
283,245,lesson_start,2026-02-09
284,245,lesson_complete,2026-02-10
285,246,lesson_start,2026-01-07
286,246,lesson_complete,2026-01-08
287,247,lesson_start,2026-01-08
288,247,lesson_complete,2026-01-10
289,248,lesson_start,2026-01-10
290,248,lesson_complete,2026-01-12
291,249,lesson_start,2026-01-10
292,249,lesson_complete,2026-01-12
293,250,lesson_start,2026-02-09
294,250,lesson_complete,2026-02-09
295,251,lesson_start,2026-01-05
296,251,lesson_complete,2026-01-05
297,253,lesson_start,2026-01-24
298,253,lesson_complete,2026-01-25
299,254,lesson_start,2026-01-06
300,254,lesson_complete,2026-01-09
301,255,lesson_start,2026-02-10
302,255,lesson_complete,2026-02-12
303,256,lesson_start,2026-01-12
304,257,lesson_start,2026-01-26
305,258,lesson_start,2026-02-18
306,258,lesson_complete,2026-02-18
307,262,lesson_start,2026-01-10
308,262,lesson_complete,2026-01-12
309,263,lesson_start,2026-01-01
310,263,lesson_complete,2026-01-03
311,265,lesson_start,2026-02-10
312,266,lesson_start,2026-01-25
313,266,lesson_complete,2026-01-28
314,267,lesson_start,2026-01-07
315,267,lesson_complete,2026-01-10
316,268,lesson_start,2026-02-10
317,268,lesson_complete,2026-02-13
318,269,lesson_start,2026-01-29
319,269,lesson_complete,2026-01-31
320,270,lesson_start,2026-01-13
321,271,lesson_start,2026-02-10
322,272,lesson_start,2026-02-01
323,273,lesson_start,2026-01-16
324,274,lesson_start,2026-02-04
325,274,lesson_complete,2026-02-07
326,275,lesson_start,2026-02-05
327,275,lesson_complete,2026-02-07
328,276,lesson_start,2026-02-09
329,277,lesson_start,2026-01-08
330,277,lesson_complete,2026-01-10
331,278,lesson_start,2026-01-21
332,279,lesson_start,2026-01-26
333,279,lesson_complete,2026-01-26
334,280,lesson_start,2026-01-27
335,281,lesson_start,2026-01-22
336,283,lesson_start,2026-01-04
337,284,lesson_start,2026-02-01
338,284,lesson_complete,2026-02-02
339,285,lesson_start,2026-01-11
340,286,lesson_start,2026-01-09
341,286,lesson_complete,2026-01-11
342,287,lesson_start,2026-02-10
343,287,lesson_complete,2026-02-12
344,288,lesson_start,2026-02-05
345,288,lesson_complete,2026-02-08
346,289,lesson_start,2026-01-30
347,289,lesson_complete,2026-01-30
348,290,lesson_start,2026-01-08
349,292,lesson_start,2026-02-13
350,292,lesson_complete,2026-02-16
351,293,lesson_start,2026-01-27
352,293,lesson_complete,2026-01-28
353,294,lesson_start,2026-02-13
354,296,lesson_start,2026-02-16
355,296,lesson_complete,2026-02-19
356,297,lesson_start,2026-01-05
357,297,lesson_complete,2026-01-05
358,298,lesson_start,2026-01-15
359,298,lesson_complete,2026-01-18
360,299,lesson_start,2026-01-28
361,299,lesson_complete,2026-01-30
362,301,lesson_start,2026-02-10
363,301,lesson_complete,2026-02-11
364,302,lesson_start,2026-01-03
365,302,lesson_complete,2026-01-03
366,303,lesson_start,2026-01-28
367,303,lesson_complete,2026-01-29
368,304,lesson_start,2026-02-12
369,308,lesson_start,2026-01-08
370,308,lesson_complete,2026-01-10
371,309,lesson_start,2026-02-15
372,309,lesson_complete,2026-02-16
373,311,lesson_start,2026-02-11
374,312,lesson_start,2026-02-02
375,312,lesson_complete,2026-02-02
376,314,lesson_start,2026-01-15
377,317,lesson_start,2026-01-10
378,317,lesson_complete,2026-01-12
379,319,lesson_start,2026-01-26
380,322,lesson_start,2026-02-04
381,322,lesson_complete,2026-02-04
382,323,lesson_start,2026-02-01
383,323,lesson_complete,2026-02-02
384,324,lesson_start,2026-01-16
385,325,lesson_start,2026-01-24
386,325,lesson_complete,2026-01-27
387,326,lesson_start,2026-01-24
388,327,lesson_start,2026-02-12
389,328,lesson_start,2026-01-07
390,328,lesson_complete,2026-01-08
391,330,lesson_start,2026-02-14
392,332,lesson_start,2026-02-18
393,333,lesson_start,2026-01-25
394,333,lesson_complete,2026-01-28
395,334,lesson_start,2026-01-02
396,335,lesson_start,2026-02-19
397,336,lesson_start,2026-02-13
398,336,lesson_complete,2026-02-16
399,337,lesson_start,2026-01-16
400,337,lesson_complete,2026-01-19
401,339,lesson_start,2026-02-05
402,339,lesson_complete,2026-02-08
403,340,lesson_start,2026-01-13
404,340,lesson_complete,2026-01-13
405,341,lesson_start,2026-01-25
406,344,lesson_start,2026-02-06
407,344,lesson_complete,2026-02-09
408,345,lesson_start,2026-01-28
409,345,lesson_complete,2026-01-29
410,348,lesson_start,2026-01-11
411,348,lesson_complete,2026-01-13
412,349,lesson_start,2026-01-30
413,349,lesson_complete,2026-01-30
414,350,lesson_start,2026-01-05
415,351,lesson_start,2026-02-05
416,352,lesson_start,2026-01-05
417,352,lesson_complete,2026-01-08
418,353,lesson_start,2026-02-11
419,353,lesson_complete,2026-02-11
420,355,lesson_start,2026-02-06
421,355,lesson_complete,2026-02-06
422,356,lesson_start,2026-02-03
423,357,lesson_start,2026-01-13
424,357,lesson_complete,2026-01-14
425,359,lesson_start,2026-02-13
426,359,lesson_complete,2026-02-13
427,360,lesson_start,2026-01-13
428,360,lesson_complete,2026-01-14
429,362,lesson_start,2026-02-03
430,362,lesson_complete,2026-02-06
431,363,lesson_start,2026-02-10
432,363,lesson_complete,2026-02-13
433,364,lesson_start,2026-02-05
434,366,lesson_start,2026-01-13
435,366,lesson_complete,2026-01-16
436,368,lesson_start,2026-01-19
437,368,lesson_complete,2026-01-21
438,370,lesson_start,2026-02-09
439,370,lesson_complete,2026-02-10
440,371,lesson_start,2026-01-05
441,373,lesson_start,2026-01-05
442,373,lesson_complete,2026-01-07
443,375,lesson_start,2026-01-09
444,375,lesson_complete,2026-01-12
445,376,lesson_start,2026-01-14
446,377,lesson_start,2026-01-03
447,377,lesson_complete,2026-01-03
448,380,lesson_start,2026-01-23
449,380,lesson_complete,2026-01-26
450,381,lesson_start,2026-02-13
451,381,lesson_complete,2026-02-14
452,382,lesson_start,2026-01-26
453,382,lesson_complete,2026-01-27
454,383,lesson_start,2026-01-19
455,384,lesson_start,2026-02-05
456,385,lesson_start,2026-01-13
457,385,lesson_complete,2026-01-14
458,386,lesson_start,2026-01-24
459,389,lesson_start,2026-01-23
460,389,lesson_complete,2026-01-25
461,390,lesson_start,2026-02-18
462,390,lesson_complete,2026-02-21
463,393,lesson_start,2026-01-15
464,393,lesson_complete,2026-01-17
465,394,lesson_start,2026-01-22
466,394,lesson_complete,2026-01-23
467,395,lesson_start,2026-01-11
468,397,lesson_start,2026-02-02
469,397,lesson_complete,2026-02-02
470,398,lesson_start,2026-02-07
471,399,lesson_start,2026-01-24
472,399,lesson_complete,2026-01-24
473,400,lesson_start,2026-01-21
474,400,lesson_complete,2026-01-23
475,401,lesson_start,2026-01-09
476,401,lesson_complete,2026-01-11
477,402,lesson_start,2026-01-27
478,403,lesson_start,2026-01-22
479,403,lesson_complete,2026-01-22
480,405,lesson_start,2026-01-18
481,405,lesson_complete,2026-01-19
482,407,lesson_start,2026-01-10
483,410,lesson_start,2026-01-21
484,411,lesson_start,2026-01-09
485,411,lesson_complete,2026-01-10
486,413,lesson_start,2026-01-23
487,413,lesson_complete,2026-01-25
488,414,lesson_start,2026-01-25
489,415,lesson_start,2026-01-12
490,416,lesson_start,2026-01-26
491,417,lesson_start,2026-02-12
492,417,lesson_complete,2026-02-12
493,418,lesson_start,2026-02-01
494,420,lesson_start,2026-02-19
495,420,lesson_complete,2026-02-22
496,423,lesson_start,2026-02-09
497,425,lesson_start,2026-02-14
498,426,lesson_start,2026-01-17
499,426,lesson_complete,2026-01-19
500,427,lesson_start,2026-01-27
501,427,lesson_complete,2026-01-30
502,428,lesson_start,2026-01-30
503,429,lesson_start,2026-02-05
504,430,lesson_start,2026-02-15
505,431,lesson_start,2026-01-26
506,435,lesson_start,2026-01-05
507,435,lesson_complete,2026-01-06
508,436,lesson_start,2026-01-11
509,437,lesson_start,2026-02-13
510,438,lesson_start,2026-02-10
511,438,lesson_complete,2026-02-13
512,439,lesson_start,2026-02-07
513,441,lesson_start,2026-02-04
514,442,lesson_start,2026-02-06
515,443,lesson_start,2026-01-20
516,443,lesson_complete,2026-01-20
517,444,lesson_start,2026-02-16
518,445,lesson_start,2026-02-08
519,447,lesson_start,2026-02-02
520,448,lesson_start,2026-01-23
521,449,lesson_start,2026-02-11
522,450,lesson_start,2026-01-30
523,450,lesson_complete,2026-02-02
524,451,lesson_start,2026-02-12
525,451,lesson_complete,2026-02-15
526,452,lesson_start,2026-01-13
527,452,lesson_complete,2026-01-16
528,453,lesson_start,2026-01-05
529,455,lesson_start,2026-01-20
530,455,lesson_complete,2026-01-20
531,457,lesson_start,2026-01-17
532,459,lesson_start,2026-01-18
533,460,lesson_start,2026-01-28
534,460,lesson_complete,2026-01-28
535,461,lesson_start,2026-02-05
536,461,lesson_complete,2026-02-05
537,462,lesson_start,2026-01-13
538,462,lesson_complete,2026-01-14
539,465,lesson_start,2026-01-28
540,467,lesson_start,2026-02-15
541,467,lesson_complete,2026-02-18
542,468,lesson_start,2026-01-24
543,468,lesson_complete,2026-01-26
544,469,lesson_start,2026-01-21
545,469,lesson_complete,2026-01-23
546,470,lesson_start,2026-02-07
547,472,lesson_start,2026-01-05
548,472,lesson_complete,2026-01-08
549,475,lesson_start,2026-01-31
550,476,lesson_start,2026-01-09
551,476,lesson_complete,2026-01-10
552,478,lesson_start,2026-01-09
553,478,lesson_complete,2026-01-10
554,479,lesson_start,2026-01-07
555,479,lesson_complete,2026-01-08
556,481,lesson_start,2026-01-16
557,482,lesson_start,2026-01-25
558,483,lesson_start,2026-02-04
559,483,lesson_complete,2026-02-04
560,484,lesson_start,2026-01-14
561,484,lesson_complete,2026-01-15
562,485,lesson_start,2026-02-07
563,485,lesson_complete,2026-02-10
564,486,lesson_start,2026-02-09
565,486,lesson_complete,2026-02-09
566,487,lesson_start,2026-01-30
567,490,lesson_start,2026-01-14
568,492,lesson_start,2026-01-28
569,494,lesson_start,2026-01-17
570,494,lesson_complete,2026-01-20
571,495,lesson_start,2026-01-27
572,495,lesson_complete,2026-01-28
573,496,lesson_start,2026-02-17
574,498,lesson_start,2026-01-10
575,498,lesson_complete,2026-01-12
576,499,lesson_start,2026-01-08
577,500,lesson_start,2026-01-23
578,500,lesson_complete,2026-01-23
579,502,lesson_start,2026-01-26
580,503,lesson_start,2026-02-15
581,503,lesson_complete,2026-02-17
582,504,lesson_start,2026-01-29
583,504,lesson_complete,2026-02-01
584,505,lesson_start,2026-01-11
585,505,lesson_complete,2026-01-14
586,507,lesson_start,2026-01-12
587,507,lesson_complete,2026-01-12
588,508,lesson_start,2026-01-29
589,509,lesson_start,2026-02-16
590,510,lesson_start,2026-01-24
591,510,lesson_complete,2026-01-24
592,512,lesson_start,2026-02-04
593,515,lesson_start,2026-01-18
594,515,lesson_complete,2026-01-20
595,516,lesson_start,2026-01-04
596,518,lesson_start,2026-01-19
597,518,lesson_complete,2026-01-20
598,521,lesson_start,2026-02-03
599,521,lesson_complete,2026-02-04
600,522,lesson_start,2026-01-25
601,522,lesson_complete,2026-01-28
602,523,lesson_start,2026-02-15
603,523,lesson_complete,2026-02-18
604,524,lesson_start,2026-01-07
605,526,lesson_start,2026-01-23
606,526,lesson_complete,2026-01-25
607,527,lesson_start,2026-02-08
608,527,lesson_complete,2026-02-10
609,528,lesson_start,2026-02-07
610,529,lesson_start,2026-01-13
611,529,lesson_complete,2026-01-16
612,530,lesson_start,2026-02-16
613,530,lesson_complete,2026-02-17
614,531,lesson_start,2026-01-29
615,531,lesson_complete,2026-01-31
616,533,lesson_start,2026-01-15
617,533,lesson_complete,2026-01-17
618,535,lesson_start,2026-01-15
619,537,lesson_start,2026-01-11
620,537,lesson_complete,2026-01-12
621,538,lesson_start,2026-02-09
622,539,lesson_start,2026-02-05
623,539,lesson_complete,2026-02-05
624,541,lesson_start,2026-02-06
625,541,lesson_complete,2026-02-09
626,542,lesson_start,2026-01-20
627,542,lesson_complete,2026-01-21
628,545,lesson_start,2026-02-12
629,549,lesson_start,2026-01-16
630,549,lesson_complete,2026-01-16
631,550,lesson_start,2026-01-17
632,551,lesson_start,2026-01-22
633,551,lesson_complete,2026-01-23
634,552,lesson_start,2026-02-19
635,553,lesson_start,2026-01-25
636,553,lesson_complete,2026-01-28
637,554,lesson_start,2026-01-25
638,554,lesson_complete,2026-01-27
639,555,lesson_start,2026-01-10
640,556,lesson_start,2026-01-19
641,556,lesson_complete,2026-01-21
642,558,lesson_start,2026-02-05
643,558,lesson_complete,2026-02-07
644,561,lesson_start,2026-01-25
645,562,lesson_start,2026-02-05
646,562,lesson_complete,2026-02-06
647,565,lesson_start,2026-02-09
648,567,lesson_start,2026-01-25
649,567,lesson_complete,2026-01-26
650,569,lesson_start,2026-02-13
651,570,lesson_start,2026-01-10
652,571,lesson_start,2026-02-11
653,573,lesson_start,2026-02-16
654,573,lesson_complete,2026-02-17
655,574,lesson_start,2026-01-23
656,574,lesson_complete,2026-01-24
657,575,lesson_start,2026-01-09
658,575,lesson_complete,2026-01-10
659,576,lesson_start,2026-01-04
660,576,lesson_complete,2026-01-06
661,578,lesson_start,2026-02-18
662,578,lesson_complete,2026-02-20
663,579,lesson_start,2026-02-01
664,579,lesson_complete,2026-02-02
665,581,lesson_start,2026-01-12
666,581,lesson_complete,2026-01-12
667,582,lesson_start,2026-01-15
668,582,lesson_complete,2026-01-18
669,584,lesson_start,2026-01-22
670,584,lesson_complete,2026-01-22
671,586,lesson_start,2026-01-20
672,586,lesson_complete,2026-01-23
673,587,lesson_start,2026-01-19
674,587,lesson_complete,2026-01-22
675,588,lesson_start,2026-02-02
676,588,lesson_complete,2026-02-05
677,589,lesson_start,2026-01-09
678,589,lesson_complete,2026-01-10
679,590,lesson_start,2026-01-08
680,590,lesson_complete,2026-01-08
681,591,lesson_start,2026-01-03
682,593,lesson_start,2026-02-12
683,593,lesson_complete,2026-02-12
684,595,lesson_start,2026-02-17
685,596,lesson_start,2026-01-14
686,596,lesson_complete,2026-01-15
687,597,lesson_start,2026-01-25
688,597,lesson_complete,2026-01-25
689,598,lesson_start,2026-01-13
690,600,lesson_start,2026-01-16
691,600,lesson_complete,2026-01-17
692,601,lesson_start,2026-01-06
693,602,lesson_start,2026-02-05
694,602,lesson_complete,2026-02-08
695,603,lesson_start,2026-02-14
696,603,lesson_complete,2026-02-17
697,604,lesson_start,2026-02-12
698,605,lesson_start,2026-01-09
699,605,lesson_complete,2026-01-11
700,608,lesson_start,2026-02-16
701,608,lesson_complete,2026-02-18
702,610,lesson_start,2026-01-14
703,610,lesson_complete,2026-01-14
704,611,lesson_start,2026-01-17
705,611,lesson_complete,2026-01-19
706,612,lesson_start,2026-01-20
707,612,lesson_complete,2026-01-21
708,613,lesson_start,2026-01-11
709,613,lesson_complete,2026-01-14
710,614,lesson_start,2026-02-01
711,615,lesson_start,2026-02-17
712,616,lesson_start,2026-01-10
713,616,lesson_complete,2026-01-11
714,619,lesson_start,2026-01-25
715,619,lesson_complete,2026-01-26
716,620,lesson_start,2026-02-15
717,620,lesson_complete,2026-02-17
718,622,lesson_start,2026-01-21
719,624,lesson_start,2026-02-14
720,626,lesson_start,2026-02-06
721,626,lesson_complete,2026-02-09
722,627,lesson_start,2026-01-14
723,627,lesson_complete,2026-01-17
724,628,lesson_start,2026-02-08
725,628,lesson_complete,2026-02-11
726,629,lesson_start,2026-01-04
727,629,lesson_complete,2026-01-06
728,630,lesson_start,2026-01-15
729,630,lesson_complete,2026-01-16
730,631,lesson_start,2026-01-10
731,631,lesson_complete,2026-01-10
732,632,lesson_start,2026-01-28
733,632,lesson_complete,2026-01-30
734,633,lesson_start,2026-02-04
735,633,lesson_complete,2026-02-05
736,636,lesson_start,2026-01-10
737,637,lesson_start,2026-02-16
738,638,lesson_start,2026-01-07
739,638,lesson_complete,2026-01-10
740,639,lesson_start,2026-02-06
741,640,lesson_start,2026-01-14
742,641,lesson_start,2026-01-19
743,643,lesson_start,2026-02-03
744,643,lesson_complete,2026-02-03
745,644,lesson_start,2026-02-15
746,645,lesson_start,2026-01-17
747,646,lesson_start,2026-01-18
748,647,lesson_start,2026-01-16
749,647,lesson_complete,2026-01-18
750,651,lesson_start,2026-01-19
751,651,lesson_complete,2026-01-19
752,652,lesson_start,2026-02-18
753,652,lesson_complete,2026-02-20
754,653,lesson_start,2026-01-07
755,653,lesson_complete,2026-01-07
756,654,lesson_start,2026-02-03
757,655,lesson_start,2026-01-11
758,655,lesson_complete,2026-01-13
759,658,lesson_start,2026-01-07
760,659,lesson_start,2026-02-11
761,659,lesson_complete,2026-02-13
762,660,lesson_start,2026-02-15
763,660,lesson_complete,2026-02-17
764,662,lesson_start,2026-01-22
765,663,lesson_start,2026-02-03
766,664,lesson_start,2026-02-11
767,664,lesson_complete,2026-02-14
768,665,lesson_start,2026-01-27
769,665,lesson_complete,2026-01-30
770,666,lesson_start,2026-02-05
771,666,lesson_complete,2026-02-07
772,668,lesson_start,2026-01-13
773,669,lesson_start,2026-01-24
774,669,lesson_complete,2026-01-26
775,670,lesson_start,2026-01-25
776,671,lesson_start,2026-02-01
777,671,lesson_complete,2026-02-03
778,672,lesson_start,2026-01-05
779,672,lesson_complete,2026-01-06
780,674,lesson_start,2026-01-13
781,674,lesson_complete,2026-01-14
782,675,lesson_start,2026-01-19
783,676,lesson_start,2026-02-03
784,676,lesson_complete,2026-02-03
785,678,lesson_start,2026-02-19
786,679,lesson_start,2026-01-04
787,679,lesson_complete,2026-01-07
788,680,lesson_start,2026-01-21
789,681,lesson_start,2026-01-10
790,683,lesson_start,2026-01-06
791,684,lesson_start,2026-02-16
792,685,lesson_start,2026-02-04
793,685,lesson_complete,2026-02-05
794,686,lesson_start,2026-01-29
795,687,lesson_start,2026-02-13
796,688,lesson_start,2026-01-22
797,688,lesson_complete,2026-01-22
798,689,lesson_start,2026-01-06
799,689,lesson_complete,2026-01-06
800,692,lesson_start,2026-02-04
801,692,lesson_complete,2026-02-04
802,694,lesson_start,2026-01-22
803,694,lesson_complete,2026-01-25
804,695,lesson_start,2026-01-23
805,695,lesson_complete,2026-01-24
806,697,lesson_start,2026-01-05
807,698,lesson_start,2026-02-07
808,699,lesson_start,2026-01-25
809,699,lesson_complete,2026-01-25
810,700,lesson_start,2026-01-17
811,702,lesson_start,2026-01-09
812,702,lesson_complete,2026-01-12
813,703,lesson_start,2026-01-30
814,703,lesson_complete,2026-02-02
815,704,lesson_start,2026-01-30
816,704,lesson_complete,2026-02-02
817,705,lesson_start,2026-02-17
818,705,lesson_complete,2026-02-19
819,709,lesson_start,2026-01-12
820,709,lesson_complete,2026-01-14
821,712,lesson_start,2026-02-04
822,713,lesson_start,2026-02-18
823,714,lesson_start,2026-01-04
824,714,lesson_complete,2026-01-05
825,715,lesson_start,2026-02-14
826,718,lesson_start,2026-01-22
827,718,lesson_complete,2026-01-25
828,722,lesson_start,2026-02-10
829,723,lesson_start,2026-01-22
830,723,lesson_complete,2026-01-25
831,724,lesson_start,2026-02-03
832,724,lesson_complete,2026-02-06
833,725,lesson_start,2026-01-27
834,725,lesson_complete,2026-01-27
835,726,lesson_start,2026-02-04
836,727,lesson_start,2026-02-06
837,727,lesson_complete,2026-02-07
838,728,lesson_start,2026-02-15
839,728,lesson_complete,2026-02-16
840,729,lesson_start,2026-02-14
841,729,lesson_complete,2026-02-15
842,731,lesson_start,2026-01-13
843,733,lesson_start,2026-01-03
844,734,lesson_start,2026-01-27
845,736,lesson_start,2026-02-01
846,736,lesson_complete,2026-02-04
847,737,lesson_start,2026-02-08
848,738,lesson_start,2026-02-11
849,738,lesson_complete,2026-02-14
850,739,lesson_start,2026-02-01
851,739,lesson_complete,2026-02-02
852,740,lesson_start,2026-01-03
853,740,lesson_complete,2026-01-05
854,741,lesson_start,2026-01-18
855,741,lesson_complete,2026-01-19
856,742,lesson_start,2026-01-30
857,742,lesson_complete,2026-01-31
858,744,lesson_start,2026-02-12
859,744,lesson_complete,2026-02-13
860,745,lesson_start,2026-02-09
861,746,lesson_start,2026-02-06
862,746,lesson_complete,2026-02-08
863,747,lesson_start,2026-02-20
864,747,lesson_complete,2026-02-20
865,749,lesson_start,2026-02-10
866,749,lesson_complete,2026-02-13
867,751,lesson_start,2026-01-18
868,751,lesson_complete,2026-01-21
869,752,lesson_start,2026-01-29
870,752,lesson_complete,2026-01-30
871,755,lesson_start,2026-01-26
872,755,lesson_complete,2026-01-29
873,757,lesson_start,2026-02-10
874,757,lesson_complete,2026-02-12
875,758,lesson_start,2026-01-28
876,758,lesson_complete,2026-01-29
877,759,lesson_start,2026-01-10
878,759,lesson_complete,2026-01-12
879,760,lesson_start,2026-02-18
880,761,lesson_start,2026-01-29
881,761,lesson_complete,2026-01-29
882,762,lesson_start,2026-01-19
883,764,lesson_start,2026-02-05
884,764,lesson_complete,2026-02-06
885,768,lesson_start,2026-02-06
886,768,lesson_complete,2026-02-07
887,769,lesson_start,2026-01-14
888,769,lesson_complete,2026-01-16
889,770,lesson_start,2026-02-05
890,770,lesson_complete,2026-02-07
891,772,lesson_start,2026-02-04
892,772,lesson_complete,2026-02-06
893,773,lesson_start,2026-02-08
894,776,lesson_start,2026-01-18
895,776,lesson_complete,2026-01-18
896,778,lesson_start,2026-01-19
897,778,lesson_complete,2026-01-22
898,779,lesson_start,2026-01-31
899,779,lesson_complete,2026-01-31
900,780,lesson_start,2026-01-22
901,781,lesson_start,2026-02-18
902,781,lesson_complete,2026-02-21
903,782,lesson_start,2026-01-01
904,782,lesson_complete,2026-01-02
905,783,lesson_start,2026-02-03
906,783,lesson_complete,2026-02-05
907,784,lesson_start,2026-01-22
908,784,lesson_complete,2026-01-22
909,786,lesson_start,2026-01-18
910,786,lesson_complete,2026-01-21
911,788,lesson_start,2026-01-12
912,788,lesson_complete,2026-01-12
913,789,lesson_start,2026-01-13
914,789,lesson_complete,2026-01-15
915,790,lesson_start,2026-01-31
916,791,lesson_start,2026-01-03
917,791,lesson_complete,2026-01-04
918,793,lesson_start,2026-01-12
919,795,lesson_start,2026-01-18
920,795,lesson_complete,2026-01-21
921,796,lesson_start,2026-02-14
922,797,lesson_start,2026-01-14
923,798,lesson_start,2026-02-15
924,798,lesson_complete,2026-02-17
925,799,lesson_start,2026-01-30
926,803,lesson_start,2026-02-19
927,803,lesson_complete,2026-02-22
928,804,lesson_start,2026-01-25
929,804,lesson_complete,2026-01-26
930,805,lesson_start,2026-01-15
931,805,lesson_complete,2026-01-18
932,806,lesson_start,2026-01-30
933,807,lesson_start,2026-01-27
934,808,lesson_start,2026-01-20
935,809,lesson_start,2026-02-09
936,809,lesson_complete,2026-02-09
937,811,lesson_start,2026-01-10
938,811,lesson_complete,2026-01-12
939,814,lesson_start,2026-02-02
940,814,lesson_complete,2026-02-04
941,815,lesson_start,2026-02-08
942,815,lesson_complete,2026-02-11
943,817,lesson_start,2026-02-02
944,818,lesson_start,2026-02-14
945,818,lesson_complete,2026-02-14
946,819,lesson_start,2026-02-12
947,819,lesson_complete,2026-02-12
948,820,lesson_start,2026-02-16
949,820,lesson_complete,2026-02-19
950,822,lesson_start,2026-01-20
951,822,lesson_complete,2026-01-23
952,823,lesson_start,2026-01-11
953,825,lesson_start,2026-01-19
954,826,lesson_start,2026-01-29
955,828,lesson_start,2026-01-09
956,829,lesson_start,2026-02-14
957,831,lesson_start,2026-01-19
958,831,lesson_complete,2026-01-19
959,835,lesson_start,2026-02-15
960,835,lesson_complete,2026-02-18
961,836,lesson_start,2026-01-17
962,836,lesson_complete,2026-01-20
963,837,lesson_start,2026-02-06
964,837,lesson_complete,2026-02-09
965,838,lesson_start,2026-01-31
966,838,lesson_complete,2026-01-31
967,839,lesson_start,2026-02-16
968,840,lesson_start,2026-01-30
969,843,lesson_start,2026-02-06
970,844,lesson_start,2026-02-01
971,844,lesson_complete,2026-02-01
972,846,lesson_start,2026-01-25
973,847,lesson_start,2026-01-09
974,849,lesson_start,2026-02-09
975,850,lesson_start,2026-02-11
976,851,lesson_start,2026-01-18
977,851,lesson_complete,2026-01-21
978,852,lesson_start,2026-01-16
979,854,lesson_start,2026-02-01
980,854,lesson_complete,2026-02-02
981,856,lesson_start,2026-01-01
982,856,lesson_complete,2026-01-01
983,858,lesson_start,2026-02-05
984,859,lesson_start,2026-01-15
985,859,lesson_complete,2026-01-18
986,862,lesson_start,2026-02-13
987,862,lesson_complete,2026-02-13
988,863,lesson_start,2026-01-23
989,864,lesson_start,2026-01-31
990,864,lesson_complete,2026-01-31
991,865,lesson_start,2026-01-19
992,865,lesson_complete,2026-01-19
993,866,lesson_start,2026-01-07
994,866,lesson_complete,2026-01-10
995,867,lesson_start,2026-02-11
996,867,lesson_complete,2026-02-13
997,868,lesson_start,2026-01-27
998,868,lesson_complete,2026-01-29
999,869,lesson_start,2026-02-19
1000,870,lesson_start,2026-01-13
1001,870,lesson_complete,2026-01-13
1002,871,lesson_start,2026-01-19
1003,871,lesson_complete,2026-01-21
1004,872,lesson_start,2026-01-19
1005,872,lesson_complete,2026-01-22
1006,873,lesson_start,2026-01-14
1007,873,lesson_complete,2026-01-14
1008,874,lesson_start,2026-01-03
1009,874,lesson_complete,2026-01-03
1010,875,lesson_start,2026-01-19
1011,876,lesson_start,2026-01-15
1012,876,lesson_complete,2026-01-15
1013,879,lesson_start,2026-01-07
1014,879,lesson_complete,2026-01-10
1015,880,lesson_start,2026-01-30
1016,880,lesson_complete,2026-02-02
1017,882,lesson_start,2026-01-08
1018,882,lesson_complete,2026-01-11
1019,883,lesson_start,2026-01-24
1020,884,lesson_start,2026-02-01
1021,885,lesson_start,2026-02-12
1022,885,lesson_complete,2026-02-15
1023,886,lesson_start,2026-01-19
1024,888,lesson_start,2026-02-04
1025,888,lesson_complete,2026-02-05
1026,889,lesson_start,2026-01-18
1027,889,lesson_complete,2026-01-18
1028,890,lesson_start,2026-01-23
1029,891,lesson_start,2026-02-16
1030,891,lesson_complete,2026-02-18
1031,892,lesson_start,2026-01-05
1032,893,lesson_start,2026-01-28
1033,893,lesson_complete,2026-01-29
1034,894,lesson_start,2026-01-27
1035,894,lesson_complete,2026-01-30
1036,895,lesson_start,2026-01-22
1037,895,lesson_complete,2026-01-24
1038,896,lesson_start,2026-01-27
1039,896,lesson_complete,2026-01-29
1040,898,lesson_start,2026-01-23
1041,899,lesson_start,2026-02-12
1042,899,lesson_complete,2026-02-14
1043,901,lesson_start,2026-01-06
1044,901,lesson_complete,2026-01-08
1045,902,lesson_start,2026-01-15
1046,902,lesson_complete,2026-01-17
1047,903,lesson_start,2026-02-14
1048,906,lesson_start,2026-01-20
1049,907,lesson_start,2026-02-05
1050,907,lesson_complete,2026-02-08
1051,908,lesson_start,2026-01-29
1052,908,lesson_complete,2026-02-01
1053,909,lesson_start,2026-01-06
1054,909,lesson_complete,2026-01-08
1055,910,lesson_start,2026-01-23
1056,911,lesson_start,2026-02-03
1057,911,lesson_complete,2026-02-06
1058,912,lesson_start,2026-02-13
1059,912,lesson_complete,2026-02-13
1060,913,lesson_start,2026-02-15
1061,913,lesson_complete,2026-02-15
1062,914,lesson_start,2026-01-31
1063,915,lesson_start,2026-01-03
1064,916,lesson_start,2026-02-07
1065,916,lesson_complete,2026-02-09
1066,918,lesson_start,2026-02-07
1067,918,lesson_complete,2026-02-09
1068,919,lesson_start,2026-01-13
1069,922,lesson_start,2026-01-02
1070,922,lesson_complete,2026-01-03
1071,924,lesson_start,2026-01-12
1072,925,lesson_start,2026-01-23
1073,925,lesson_complete,2026-01-23
1074,926,lesson_start,2026-01-19
1075,926,lesson_complete,2026-01-19
1076,929,lesson_start,2026-02-15
1077,929,lesson_complete,2026-02-17
1078,930,lesson_start,2026-01-29
1079,931,lesson_start,2026-01-25
1080,931,lesson_complete,2026-01-27
1081,932,lesson_start,2026-01-25
1082,933,lesson_start,2026-02-06
1083,933,lesson_complete,2026-02-06
1084,934,lesson_start,2026-01-31
1085,935,lesson_start,2026-01-21
1086,935,lesson_complete,2026-01-21
1087,936,lesson_start,2026-01-06
1088,936,lesson_complete,2026-01-09
1089,937,lesson_start,2026-02-12
1090,938,lesson_start,2026-01-27
1091,938,lesson_complete,2026-01-29
1092,939,lesson_start,2026-02-17
1093,939,lesson_complete,2026-02-19
1094,940,lesson_start,2026-02-15
1095,941,lesson_start,2026-01-08
1096,941,lesson_complete,2026-01-08
1097,942,lesson_start,2026-01-30
1098,944,lesson_start,2026-02-04
1099,944,lesson_complete,2026-02-07
1100,946,lesson_start,2026-01-05
1101,946,lesson_complete,2026-01-07
1102,947,lesson_start,2026-01-07
1103,947,lesson_complete,2026-01-07
1104,948,lesson_start,2026-02-07
1105,949,lesson_start,2026-01-14
1106,950,lesson_start,2026-01-05
1107,951,lesson_start,2026-01-03
1108,952,lesson_start,2026-01-28
1109,952,lesson_complete,2026-01-29
1110,953,lesson_start,2026-01-11
1111,953,lesson_complete,2026-01-11
1112,955,lesson_start,2026-02-15
1113,955,lesson_complete,2026-02-17
1114,957,lesson_start,2026-01-31
1115,959,lesson_start,2026-01-27
1116,959,lesson_complete,2026-01-30
1117,961,lesson_start,2026-01-22
1118,961,lesson_complete,2026-01-23
1119,963,lesson_start,2026-01-06
1120,964,lesson_start,2026-01-22
1121,966,lesson_start,2026-01-07
1122,967,lesson_start,2026-01-29
1123,967,lesson_complete,2026-01-29
1124,970,lesson_start,2026-02-01
1125,970,lesson_complete,2026-02-02
1126,972,lesson_start,2026-01-26
1127,977,lesson_start,2026-02-08
1128,978,lesson_start,2026-01-27
1129,978,lesson_complete,2026-01-27
1130,979,lesson_start,2026-02-15
1131,979,lesson_complete,2026-02-16
1132,980,lesson_start,2026-01-16
1133,981,lesson_start,2026-01-19
1134,981,lesson_complete,2026-01-21
1135,982,lesson_start,2026-02-08
1136,984,lesson_start,2026-01-07
1137,987,lesson_start,2026-02-11
1138,987,lesson_complete,2026-02-11
1139,989,lesson_start,2026-01-06
1140,990,lesson_start,2026-02-05
1141,990,lesson_complete,2026-02-05
1142,992,lesson_start,2026-02-10
1143,993,lesson_start,2026-02-08
1144,993,lesson_complete,2026-02-09
1145,994,lesson_start,2026-01-06
1146,994,lesson_complete,2026-01-07
1147,995,lesson_start,2026-02-02
1148,995,lesson_complete,2026-02-02
1149,996,lesson_start,2026-02-07
1150,996,lesson_complete,2026-02-09
1151,998,lesson_start,2026-02-06
1152,999,lesson_start,2026-01-23
1153,999,lesson_complete,2026-01-24
1154,1000,lesson_start,2026-02-07
1155,1000,lesson_complete,2026-02-10
