user_id,country,device,traffic_source,registration_date
1,Russia,desktop,social_ads,2026-01-24
2,Belarus,mobile,paid_search,2026-01-28
3,Kazakhstan,desktop,organic_search,2026-01-09
4,Russia,mobile,social_ads,2026-02-10
5,Kazakhstan,desktop,referral,2026-01-06
6,Belarus,mobile,referral,2026-02-01
7,Kazakhstan,desktop,paid_search,2026-01-23
8,Russia,mobile,organic_search,2026-01-11
9,Russia,desktop,social_ads,2026-02-14
10,Kazakhstan,desktop,organic_search,2026-02-08
11,Belarus,desktop,referral,2026-02-11
12,Belarus,desktop,social_ads,2026-01-17
13,Kazakhstan,desktop,paid_search,2026-02-15
14,Russia,desktop,referral,2026-01-28
15,Belarus,desktop,paid_search,2026-01-02
16,Belarus,mobile,paid_search,2026-01-01
17,Kazakhstan,mobile,social_ads,2026-01-17
18,Belarus,desktop,referral,2026-01-08
19,Kazakhstan,desktop,paid_search,2026-01-24
20,Russia,mobile,paid_search,2026-01-27
21,Belarus,mobile,paid_search,2026-01-12
22,Kazakhstan,desktop,organic_search,2026-02-14
23,Russia,desktop,organic_search,2026-01-30
24,Belarus,mobile,referral,2026-01-20
25,Kazakhstan,desktop,referral,2026-01-28
26,Belarus,mobile,referral,2026-02-04
27,Kazakhstan,mobile,social_ads,2026-02-12
28,Belarus,mobile,social_ads,2026-01-04
29,Russia,desktop,organic_search,2026-01-13
30,Russia,desktop,referral,2026-02-15
31,Belarus,mobile,social_ads,2026-01-02
32,Belarus,mobile,referral,2026-02-10
33,Russia,desktop,referral,2026-01-23
34,Belarus,mobile,referral,2026-02-15
35,Kazakhstan,desktop,social_ads,2026-01-31
36,Kazakhstan,mobile,social_ads,2026-02-04
37,Kazakhstan,desktop,paid_search,2026-02-11
38,Belarus,desktop,paid_search,2026-02-15
39,Belarus,mobile,paid_search,2026-01-31
40,Belarus,desktop,referral,2026-01-11
41,Belarus,desktop,social_ads,2026-01-24
42,Kazakhstan,desktop,organic_search,2026-01-09
43,Russia,mobile,organic_search,2026-02-12
44,Belarus,mobile,social_ads,2026-01-04
45,Russia,mobile,organic_search,2026-02-04
46,Belarus,desktop,paid_search,2026-01-16
47,Russia,mobile,social_ads,2026-01-17
48,Russia,mobile,social_ads,2026-01-06
49,Kazakhstan,mobile,social_ads,2026-01-07
50,Belarus,desktop,organic_search,2026-01-12
51,Belarus,mobile,paid_search,2026-02-01
52,Kazakhstan,mobile,paid_search,2026-01-25
53,Belarus,desktop,organic_search,2026-01-23
54,Belarus,mobile,paid_search,2026-01-27
55,Kazakhstan,desktop,referral,2026-01-18
56,Belarus,desktop,paid_search,2026-01-12
57,Kazakhstan,mobile,referral,2026-01-28
58,Kazakhstan,desktop,referral,2026-01-30
59,Russia,desktop,social_ads,2026-02-15
60,Kazakhstan,mobile,paid_search,2026-02-06
61,Kazakhstan,desktop,referral,2026-01-02
62,Russia,mobile,social_ads,2026-02-09
63,Russia,desktop,social_ads,2026-02-13
64,Belarus,mobile,social_ads,2026-01-29
65,Russia,mobile,social_ads,2026-01-02
66,Russia,desktop,referral,2026-02-04
67,Kazakhstan,mobile,referral,2026-01-08
68,Belarus,desktop,organic_search,2026-02-02
69,Kazakhstan,mobile,referral,2026-02-11
70,Kazakhstan,mobile,organic_search,2026-01-29
71,Kazakhstan,mobile,paid_search,2026-01-19
72,Belarus,desktop,organic_search,2026-02-03
73,Belarus,desktop,paid_search,2026-02-15
74,Belarus,desktop,referral,2026-02-13
75,Kazakhstan,mobile,paid_search,2026-01-19
76,Belarus,mobile,social_ads,2026-01-07
77,Kazakhstan,desktop,organic_search,2026-01-07
78,Belarus,mobile,paid_search,2026-01-22
79,Belarus,mobile,social_ads,2026-01-13
80,Belarus,mobile,paid_search,2026-01-09
81,Russia,desktop,referral,2026-02-02
82,Russia,mobile,paid_search,2026-01-12
83,Russia,mobile,referral,2026-02-14
84,Russia,desktop,referral,2026-01-12
85,Kazakhstan,desktop,organic_search,2026-02-01
86,Kazakhstan,desktop,referral,2026-01-20
87,Russia,mobile,social_ads,2026-02-12
88,Belarus,desktop,referral,2026-02-12
89,Belarus,mobile,referral,2026-02-09
90,Belarus,desktop,social_ads,2026-01-14
91,Kazakhstan,desktop,social_ads,2026-01-10
92,Russia,desktop,paid_search,2026-01-26
93,Belarus,desktop,paid_search,2026-01-01
94,Kazakhstan,mobile,referral,2026-01-25
95,Kazakhstan,mobile,organic_search,2026-02-12
96,Russia,mobile,referral,2026-02-07
97,Kazakhstan,desktop,referral,2026-01-14
98,Kazakhstan,desktop,social_ads,2026-01-12
99,Belarus,desktop,referral,2026-01-21
100,Russia,desktop,organic_search,2026-01-04
101,Kazakhstan,mobile,organic_search,2026-01-14
102,Belarus,mobile,social_ads,2026-02-09
103,Russia,desktop,referral,2026-01-20
104,Belarus,mobile,referral,2026-01-17
105,Kazakhstan,desktop,paid_search,2026-01-14
106,Belarus,desktop,referral,2026-02-04
107,Kazakhstan,desktop,social_ads,2026-01-03
108,Kazakhstan,mobile,social_ads,2026-02-02
109,Russia,mobile,referral,2026-02-13
110,Kazakhstan,mobile,social_ads,2026-01-16
111,Kazakhstan,desktop,organic_search,2026-01-26
112,Belarus,mobile,social_ads,2026-02-15
113,Belarus,mobile,referral,2026-01-20
114,Russia,desktop,social_ads,2026-01-07
115,Belarus,desktop,social_ads,2026-01-16
116,Russia,mobile,social_ads,2026-01-21
117,Russia,desktop,referral,2026-01-20
118,Russia,mobile,paid_search,2026-01-07
119,Belarus,desktop,social_ads,2026-02-13
120,Belarus,desktop,social_ads,2026-02-11
121,Russia,desktop,referral,2026-01-25
122,Kazakhstan,desktop,social_ads,2026-01-06
123,Belarus,desktop,social_ads,2026-02-06
124,Belarus,desktop,social_ads,2026-01-13
125,Russia,mobile,organic_search,2026-02-10
126,Belarus,desktop,referral,2026-02-02
127,Kazakhstan,mobile,paid_search,2026-02-06
128,Russia,mobile,social_ads,2026-02-01
129,Kazakhstan,desktop,paid_search,2026-02-15
130,Kazakhstan,mobile,social_ads,2026-01-11
131,Kazakhstan,desktop,organic_search,2026-02-07
132,Russia,mobile,social_ads,2026-02-05
133,Belarus,desktop,organic_search,2026-02-02
134,Kazakhstan,desktop,organic_search,2026-01-25
135,Russia,desktop,organic_search,2026-02-13
136,Russia,mobile,referral,2026-01-13
137,Kazakhstan,desktop,social_ads,2026-01-23
138,Russia,mobile,referral,2026-01-17
139,Kazakhstan,mobile,social_ads,2026-01-22
140,Russia,desktop,social_ads,2026-02-02
141,Kazakhstan,mobile,social_ads,2026-01-09
142,Kazakhstan,desktop,referral,2026-02-14
143,Belarus,mobile,social_ads,2026-01-18
144,Russia,mobile,social_ads,2026-01-15
145,Kazakhstan,desktop,referral,2026-01-10
146,Kazakhstan,desktop,organic_search,2026-02-11
147,Kazakhstan,mobile,paid_search,2026-02-09
148,Kazakhstan,mobile,organic_search,2026-01-06
149,Russia,desktop,paid_search,2026-02-07
150,Kazakhstan,desktop,social_ads,2026-01-12
151,Belarus,desktop,paid_search,2026-01-04
152,Russia,mobile,paid_search,2026-01-02
153,Russia,mobile,paid_search,2026-01-07
154,Russia,mobile,referral,2026-02-01
155,Russia,mobile,paid_search,2026-01-30
156,Kazakhstan,desktop,social_ads,2026-01-02
157,Kazakhstan,desktop,referral,2026-01-14
158,Russia,desktop,organic_search,2026-01-07
159,Belarus,desktop,social_ads,2026-02-05
160,Belarus,mobile,referral,2026-01-18
161,Russia,desktop,referral,2026-01-02
162,Kazakhstan,mobile,social_ads,2026-01-04
163,Kazakhstan,desktop,referral,2026-01-20
164,Belarus,mobile,social_ads,2026-01-28
165,Belarus,desktop,paid_search,2026-01-10
166,Kazakhstan,mobile,referral,2026-01-25
167,Russia,desktop,organic_search,2026-01-15
168,Russia,mobile,social_ads,2026-01-31
169,Russia,mobile,social_ads,2026-01-28
170,Belarus,mobile,referral,2026-01-05
171,Kazakhstan,mobile,social_ads,2026-01-19
172,Russia,desktop,social_ads,2026-01-05
173,Kazakhstan,mobile,organic_search,2026-01-02
174,Kazakhstan,desktop,social_ads,2026-01-28
175,Russia,mobile,paid_search,2026-01-13
176,Belarus,desktop,social_ads,2026-01-23
177,Russia,desktop,social_ads,2026-01-16
178,Russia,mobile,organic_search,2026-01-08
179,Russia,desktop,social_ads,2026-01-27
180,Russia,desktop,organic_search,2026-01-09
181,Kazakhstan,desktop,social_ads,2026-01-10
182,Kazakhstan,desktop,referral,2026-01-07
183,Russia,desktop,organic_search,2026-01-08
184,Kazakhstan,desktop,social_ads,2026-01-30
185,Kazakhstan,mobile,paid_search,2026-01-29
186,Kazakhstan,mobile,paid_search,2026-01-11
187,Kazakhstan,mobile,referral,2026-02-07
188,Russia,mobile,organic_search,2026-01-01
189,Russia,desktop,social_ads,2026-02-10
190,Kazakhstan,desktop,organic_search,2026-01-11
191,Kazakhstan,mobile,social_ads,2026-01-05
192,Russia,desktop,organic_search,2026-01-01
193,Kazakhstan,mobile,social_ads,2026-02-15
194,Kazakhstan,desktop,organic_search,2026-01-07
195,Kazakhstan,desktop,paid_search,2026-02-06
196,Belarus,desktop,paid_search,2026-01-07
197,Belarus,mobile,social_ads,2026-02-02
198,Russia,mobile,organic_search,2026-01-21
199,Russia,mobile,referral,2026-02-10
200,Kazakhstan,mobile,paid_search,2026-01-10
201,Kazakhstan,desktop,referral,2026-02-06
202,Russia,desktop,organic_search,2026-02-05
203,Russia,desktop,organic_search,2026-02-14
204,Russia,mobile,paid_search,2026-02-05
205,Russia,mobile,social_ads,2026-02-07
206,Belarus,desktop,social_ads,2026-02-13
207,Kazakhstan,mobile,social_ads,2026-02-08
208,Kazakhstan,desktop,paid_search,2026-01-20
209,Kazakhstan,mobile,paid_search,2026-01-17
210,Russia,desktop,social_ads,2026-01-06
211,Belarus,desktop,social_ads,2026-02-12
212,Kazakhstan,desktop,organic_search,2026-01-06
213,Russia,mobile,paid_search,2026-01-27
214,Russia,mobile,social_ads,2026-02-05
215,Kazakhstan,mobile,paid_search,2026-01-25
216,Belarus,mobile,referral,2026-02-08
217,Kazakhstan,mobile,organic_search,2026-01-01
218,Belarus,mobile,paid_search,2026-01-08
219,Belarus,desktop,referral,2026-01-10
220,Belarus,mobile,referral,2026-01-27
221,Russia,desktop,referral,2026-01-01
222,Belarus,mobile,social_ads,2026-01-25
223,Kazakhstan,mobile,paid_search,2026-01-31
224,Belarus,desktop,referral,2026-01-27
225,Kazakhstan,mobile,social_ads,2026-01-27
226,Belarus,mobile,paid_search,2026-01-06
227,Belarus,desktop,referral,2026-02-12
228,Russia,mobile,organic_search,2026-02-13
229,Russia,desktop,organic_search,2026-01-22
230,Belarus,mobile,social_ads,2026-01-11
231,Kazakhstan,mobile,social_ads,2026-02-04
232,Russia,mobile,social_ads,2026-01-29
233,Kazakhstan,mobile,paid_search,2026-01-18
234,Kazakhstan,desktop,referral,2026-01-31
235,Kazakhstan,mobile,paid_search,2026-01-04
236,Belarus,mobile,organic_search,2026-01-15
237,Russia,desktop,social_ads,2026-01-11
238,Kazakhstan,mobile,referral,2026-01-31
239,Russia,mobile,referral,2026-01-16
240,Kazakhstan,desktop,paid_search,2026-01-23
241,Belarus,mobile,paid_search,2026-01-10
242,Kazakhstan,mobile,referral,2026-01-17
243,Belarus,desktop,social_ads,2026-01-22
244,Russia,desktop,referral,2026-02-04
245,Kazakhstan,mobile,referral,2026-02-08
246,Kazakhstan,desktop,referral,2026-01-02
247,Kazakhstan,desktop,referral,2026-01-08
248,Kazakhstan,mobile,paid_search,2026-01-06
249,Belarus,mobile,organic_search,2026-01-08
250,Belarus,desktop,referral,2026-02-08
251,Belarus,desktop,organic_search,2026-01-05
252,Kazakhstan,desktop,social_ads,2026-02-15
253,Kazakhstan,desktop,social_ads,2026-01-23
254,Kazakhstan,desktop,paid_search,2026-01-03
255,Kazakhstan,desktop,paid_search,2026-02-06
256,Kazakhstan,mobile,referral,2026-01-08
257,Russia,mobile,referral,2026-01-22
258,Kazakhstan,mobile,referral,2026-02-14
259,Kazakhstan,desktop,organic_search,2026-02-06
260,Russia,desktop,referral,2026-01-07
261,Belarus,desktop,social_ads,2026-01-17
262,Belarus,mobile,organic_search,2026-01-05
263,Russia,mobile,organic_search,2026-01-01
264,Kazakhstan,mobile,paid_search,2026-01-01
265,Kazakhstan,mobile,referral,2026-02-08
266,Russia,desktop,referral,2026-01-25
267,Kazakhstan,mobile,organic_search,2026-01-03
268,Kazakhstan,desktop,organic_search,2026-02-09
269,Kazakhstan,mobile,referral,2026-01-24
270,Belarus,mobile,referral,2026-01-11
271,Belarus,mobile,paid_search,2026-02-06
272,Russia,mobile,paid_search,2026-01-29
273,Russia,desktop,paid_search,2026-01-15
274,Russia,desktop,organic_search,2026-02-03
275,Belarus,desktop,organic_search,2026-02-03
276,Russia,desktop,paid_search,2026-02-08
277,Russia,mobile,organic_search,2026-01-07
278,Belarus,desktop,paid_search,2026-01-17
279,Kazakhstan,desktop,paid_search,2026-01-25
280,Russia,desktop,referral,2026-01-23
281,Russia,mobile,referral,2026-01-18
282,Belarus,desktop,paid_search,2026-02-14
283,Kazakhstan,desktop,organic_search,2026-01-01
284,Kazakhstan,mobile,referral,2026-01-30
285,Russia,desktop,paid_search,2026-01-06
286,Belarus,mobile,social_ads,2026-01-04
287,Belarus,desktop,referral,2026-02-10
288,Russia,desktop,social_ads,2026-02-05
289,Kazakhstan,desktop,social_ads,2026-01-29
290,Belarus,desktop,referral,2026-01-07
291,Belarus,desktop,organic_search,2026-01-19
292,Kazakhstan,mobile,social_ads,2026-02-09
293,Russia,mobile,paid_search,2026-01-27
294,Russia,desktop,social_ads,2026-02-08
295,Belarus,mobile,referral,2026-02-11
296,Belarus,mobile,organic_search,2026-02-13
297,Kazakhstan,desktop,social_ads,2026-01-04
298,Kazakhstan,mobile,organic_search,2026-01-15
299,Belarus,desktop,organic_search,2026-01-26
300,Belarus,mobile,referral,2026-01-31
301,Belarus,mobile,social_ads,2026-02-10
302,Belarus,desktop,organic_search,2026-01-02
303,Russia,desktop,social_ads,2026-01-27
304,Russia,mobile,referral,2026-02-11
305,Russia,desktop,paid_search,2026-01-17
306,Belarus,desktop,organic_search,2026-02-10
307,Russia,desktop,organic_search,2026-01-22
308,Russia,mobile,organic_search,2026-01-04
309,Belarus,desktop,referral,2026-02-11
310,Belarus,mobile,organic_search,2026-01-20
311,Kazakhstan,mobile,referral,2026-02-08
312,Kazakhstan,desktop,organic_search,2026-01-28
313,Kazakhstan,mobile,organic_search,2026-01-30
314,Russia,desktop,referral,2026-01-13
315,Kazakhstan,desktop,paid_search,2026-01-18
316,Russia,desktop,social_ads,2026-02-08
317,Russia,mobile,social_ads,2026-01-10
318,Russia,desktop,referral,2026-01-19
319,Belarus,mobile,organic_search,2026-01-25
320,Belarus,mobile,paid_search,2026-01-07
321,Russia,mobile,organic_search,2026-02-09
322,Kazakhstan,desktop,social_ads,2026-02-04
323,Russia,desktop,referral,2026-01-27
324,Belarus,mobile,organic_search,2026-01-16
325,Kazakhstan,desktop,organic_search,2026-01-19
326,Russia,desktop,organic_search,2026-01-22
327,Kazakhstan,mobile,social_ads,2026-02-07
328,Kazakhstan,mobile,social_ads,2026-01-05
329,Belarus,mobile,referral,2026-02-11
330,Russia,desktop,paid_search,2026-02-12
331,Russia,desktop,paid_search,2026-02-14
332,Russia,desktop,referral,2026-02-13
333,Belarus,desktop,organic_search,2026-01-25
334,Russia,mobile,organic_search,2026-01-02
335,Kazakhstan,desktop,paid_search,2026-02-15
336,Belarus,mobile,organic_search,2026-02-08
337,Russia,mobile,paid_search,2026-01-13
338,Russia,desktop,paid_search,2026-02-04
339,Belarus,desktop,social_ads,2026-02-05
340,Belarus,desktop,referral,2026-01-13
341,Belarus,desktop,social_ads,2026-01-24
342,Kazakhstan,mobile,paid_search,2026-02-03
343,Russia,mobile,referral,2026-01-28
344,Russia,desktop,paid_search,2026-02-05
345,Russia,mobile,paid_search,2026-01-28
346,Kazakhstan,mobile,organic_search,2026-01-01
347,Russia,mobile,paid_search,2026-02-06
348,Kazakhstan,desktop,social_ads,2026-01-10
349,Kazakhstan,desktop,referral,2026-01-26
350,Belarus,mobile,paid_search,2026-01-04
351,Russia,mobile,referral,2026-02-04
352,Kazakhstan,desktop,social_ads,2026-01-03
353,Russia,desktop,organic_search,2026-02-09
354,Russia,desktop,organic_search,2026-01-28
355,Kazakhstan,mobile,organic_search,2026-02-02
356,Russia,mobile,paid_search,2026-02-03
357,Kazakhstan,mobile,paid_search,2026-01-13
358,Belarus,mobile,referral,2026-01-09
359,Russia,desktop,social_ads,2026-02-13
360,Kazakhstan,desktop,social_ads,2026-01-08
361,Russia,desktop,referral,2026-01-12
362,Kazakhstan,desktop,referral,2026-01-29
363,Belarus,desktop,organic_search,2026-02-08
364,Russia,desktop,referral,2026-02-05
365,Russia,mobile,paid_search,2026-01-26
366,Russia,mobile,paid_search,2026-01-12
367,Russia,mobile,organic_search,2026-01-22
368,Belarus,mobile,paid_search,2026-01-18
369,Belarus,mobile,paid_search,2026-01-04
370,Belarus,desktop,referral,2026-02-06
371,Kazakhstan,mobile,paid_search,2026-01-04
372,Russia,desktop,referral,2026-02-01
373,Kazakhstan,mobile,organic_search,2026-01-02
374,Kazakhstan,desktop,referral,2026-01-29
375,Kazakhstan,mobile,referral,2026-01-07
376,Belarus,desktop,social_ads,2026-01-11
377,Russia,desktop,social_ads,2026-01-01
378,Russia,mobile,organic_search,2026-02-02
379,Kazakhstan,desktop,social_ads,2026-02-13
380,Belarus,desktop,referral,2026-01-19
381,Kazakhstan,desktop,organic_search,2026-02-10
382,Kazakhstan,mobile,social_ads,2026-01-25
383,Belarus,desktop,paid_search,2026-01-16
384,Kazakhstan,mobile,organic_search,2026-02-02
385,Kazakhstan,desktop,organic_search,2026-01-10
386,Kazakhstan,mobile,social_ads,2026-01-24
387,Belarus,desktop,referral,2026-02-15
388,Belarus,mobile,social_ads,2026-01-29
389,Russia,desktop,organic_search,2026-01-21
390,Kazakhstan,mobile,paid_search,2026-02-13
391,Kazakhstan,desktop,organic_search,2026-02-05
392,Russia,desktop,referral,2026-02-03
393,Russia,desktop,organic_search,2026-01-10
394,Kazakhstan,desktop,social_ads,2026-01-19
395,Kazakhstan,mobile,paid_search,2026-01-10
396,Kazakhstan,desktop,organic_search,2026-01-29
397,Russia,mobile,paid_search,2026-02-01
398,Kazakhstan,desktop,social_ads,2026-02-04
399,Belarus,mobile,organic_search,2026-01-20
400,Kazakhstan,desktop,referral,2026-01-19
401,Kazakhstan,desktop,social_ads,2026-01-07
402,Kazakhstan,desktop,organic_search,2026-01-23
403,Russia,desktop,organic_search,2026-01-19
404,Kazakhstan,desktop,referral,2026-01-22
405,Russia,mobile,referral,2026-01-16
406,Kazakhstan,mobile,organic_search,2026-01-13
407,Belarus,desktop,organic_search,2026-01-09
408,Belarus,desktop,organic_search,2026-02-07
409,Russia,desktop,social_ads,2026-01-08
410,Kazakhstan,mobile,social_ads,2026-01-19
411,Belarus,mobile,paid_search,2026-01-08
412,Kazakhstan,mobile,social_ads,2026-01-10
413,Belarus,mobile,paid_search,2026-01-19
414,Kazakhstan,desktop,paid_search,2026-01-23
415,Belarus,desktop,organic_search,2026-01-12
416,Kazakhstan,desktop,social_ads,2026-01-26
417,Kazakhstan,mobile,referral,2026-02-10
418,Kazakhstan,mobile,social_ads,2026-02-01
419,Russia,desktop,organic_search,2026-02-11
420,Belarus,desktop,organic_search,2026-02-14
421,Russia,desktop,referral,2026-01-28
422,Belarus,mobile,organic_search,2026-01-18
423,Russia,desktop,referral,2026-02-08
424,Russia,desktop,organic_search,2026-01-12
425,Kazakhstan,desktop,paid_search,2026-02-14
426,Belarus,mobile,paid_search,2026-01-14
427,Russia,mobile,organic_search,2026-01-23
428,Belarus,desktop,referral,2026-01-29
429,Russia,mobile,paid_search,2026-02-05
430,Kazakhstan,mobile,referral,2026-02-11
431,Belarus,mobile,paid_search,2026-01-23
432,Russia,desktop,paid_search,2026-02-06
433,Kazakhstan,desktop,referral,2026-01-09
434,Russia,desktop,organic_search,2026-01-16
435,Kazakhstan,desktop,referral,2026-01-05
436,Belarus,mobile,referral,2026-01-08
437,Kazakhstan,mobile,referral,2026-02-10
438,Belarus,mobile,referral,2026-02-10
439,Russia,mobile,paid_search,2026-02-07
440,Belarus,mobile,paid_search,2026-01-28
441,Belarus,mobile,social_ads,2026-01-30
442,Russia,desktop,social_ads,2026-02-05
443,Russia,desktop,referral,2026-01-16
444,Kazakhstan,mobile,organic_search,2026-02-14
445,Belarus,desktop,referral,2026-02-06
446,Kazakhstan,mobile,paid_search,2026-01-29
447,Kazakhstan,mobile,referral,2026-01-28
448,Belarus,mobile,paid_search,2026-01-23
449,Belarus,mobile,paid_search,2026-02-06
450,Kazakhstan,mobile,referral,2026-01-25
451,Belarus,mobile,paid_search,2026-02-08
452,Kazakhstan,mobile,social_ads,2026-01-09
453,Russia,desktop,social_ads,2026-01-04
454,Russia,desktop,referral,2026-01-26
455,Russia,mobile,organic_search,2026-01-19
456,Belarus,desktop,referral,2026-01-30
457,Kazakhstan,mobile,paid_search,2026-01-17
458,Belarus,desktop,referral,2026-01-05
459,Russia,desktop,referral,2026-01-13
460,Russia,mobile,social_ads,2026-01-26
461,Kazakhstan,mobile,paid_search,2026-02-03
462,Kazakhstan,desktop,social_ads,2026-01-13
463,Russia,mobile,social_ads,2026-02-01
464,Belarus,mobile,organic_search,2026-01-18
465,Belarus,mobile,social_ads,2026-01-25
466,Russia,desktop,referral,2026-01-03
467,Kazakhstan,desktop,paid_search,2026-02-14
468,Belarus,desktop,referral,2026-01-24
469,Kazakhstan,mobile,social_ads,2026-01-19
470,Belarus,desktop,referral,2026-02-04
471,Russia,desktop,social_ads,2026-01-07
472,Belarus,mobile,referral,2026-01-04
473,Russia,mobile,social_ads,2026-01-10
474,Kazakhstan,desktop,referral,2026-01-10
475,Russia,mobile,organic_search,2026-01-26
476,Kazakhstan,desktop,paid_search,2026-01-08
477,Russia,desktop,social_ads,2026-01-19
478,Russia,mobile,paid_search,2026-01-07
479,Russia,mobile,referral,2026-01-05
480,Russia,desktop,referral,2026-01-30
481,Russia,mobile,organic_search,2026-01-12
482,Belarus,mobile,organic_search,2026-01-25
483,Kazakhstan,desktop,organic_search,2026-01-30
484,Russia,mobile,referral,2026-01-09
485,Kazakhstan,desktop,organic_search,2026-02-07
486,Russia,mobile,organic_search,2026-02-07
487,Belarus,mobile,social_ads,2026-01-29
488,Belarus,desktop,referral,2026-02-03
489,Kazakhstan,mobile,social_ads,2026-02-12
490,Kazakhstan,desktop,referral,2026-01-11
491,Russia,mobile,referral,2026-01-17
492,Russia,desktop,social_ads,2026-01-28
493,Russia,desktop,paid_search,2026-01-02
494,Russia,mobile,paid_search,2026-01-12
495,Belarus,desktop,organic_search,2026-01-22
496,Russia,desktop,referral,2026-02-14
497,Russia,desktop,organic_search,2026-01-16
498,Russia,desktop,referral,2026-01-05
499,Russia,mobile,referral,2026-01-04
500,Kazakhstan,mobile,organic_search,2026-01-19
501,Russia,mobile,referral,2026-01-09
502,Russia,mobile,social_ads,2026-01-24
503,Kazakhstan,mobile,referral,2026-02-14
504,Russia,mobile,referral,2026-01-24
505,Russia,mobile,paid_search,2026-01-10
506,Russia,mobile,social_ads,2026-01-08
507,Russia,desktop,organic_search,2026-01-09
508,Russia,mobile,referral,2026-01-25
509,Belarus,mobile,paid_search,2026-02-11
510,Kazakhstan,desktop,paid_search,2026-01-21
511,Russia,desktop,paid_search,2026-01-27
512,Kazakhstan,desktop,organic_search,2026-02-01
513,Russia,desktop,paid_search,2026-02-09
514,Belarus,mobile,social_ads,2026-01-14
515,Kazakhstan,desktop,organic_search,2026-01-16
516,Russia,mobile,referral,2026-01-01
517,Belarus,desktop,paid_search,2026-01-03
518,Russia,desktop,organic_search,2026-01-18
519,Russia,mobile,paid_search,2026-02-07
520,Kazakhstan,mobile,organic_search,2026-02-03
521,Belarus,mobile,paid_search,2026-02-02
522,Belarus,mobile,social_ads,2026-01-21
523,Belarus,mobile,social_ads,2026-02-14
524,Russia,mobile,organic_search,2026-01-06
525,Belarus,mobile,paid_search,2026-01-04
526,Belarus,desktop,social_ads,2026-01-20
527,Kazakhstan,desktop,social_ads,2026-02-08
528,Belarus,mobile,social_ads,2026-02-06
529,Russia,mobile,social_ads,2026-01-10
530,Belarus,desktop,paid_search,2026-02-13
531,Russia,mobile,organic_search,2026-01-26
532,Russia,mobile,paid_search,2026-01-05
533,Kazakhstan,desktop,referral,2026-01-11
534,Kazakhstan,desktop,social_ads,2026-01-01
535,Belarus,mobile,referral,2026-01-12
536,Kazakhstan,mobile,social_ads,2026-02-04
537,Russia,mobile,referral,2026-01-08
538,Kazakhstan,mobile,paid_search,2026-02-08
539,Belarus,desktop,organic_search,2026-02-04
540,Russia,mobile,paid_search,2026-01-10
541,Kazakhstan,mobile,social_ads,2026-02-01
542,Russia,desktop,social_ads,2026-01-19
543,Kazakhstan,desktop,paid_search,2026-01-15
544,Belarus,mobile,organic_search,2026-01-07
545,Belarus,desktop,paid_search,2026-02-08
546,Russia,mobile,social_ads,2026-02-01
547,Russia,desktop,organic_search,2026-02-09
548,Belarus,desktop,organic_search,2026-01-20
549,Belarus,desktop,referral,2026-01-14
550,Kazakhstan,desktop,paid_search,2026-01-16
551,Russia,mobile,referral,2026-01-17
552,Belarus,desktop,paid_search,2026-02-14
553,Kazakhstan,mobile,social_ads,2026-01-23
554,Belarus,mobile,social_ads,2026-01-24
555,Kazakhstan,mobile,paid_search,2026-01-05
556,Russia,mobile,social_ads,2026-01-18
557,Belarus,mobile,organic_search,2026-02-04
558,Russia,desktop,paid_search,2026-02-02
559,Kazakhstan,mobile,paid_search,2026-01-04
560,Belarus,desktop,social_ads,2026-01-23
561,Belarus,mobile,social_ads,2026-01-20
562,Belarus,desktop,social_ads,2026-02-04
563,Belarus,desktop,social_ads,2026-02-10
564,Belarus,mobile,social_ads,2026-01-30
565,Russia,mobile,paid_search,2026-02-08
566,Russia,desktop,social_ads,2026-01-21
567,Belarus,mobile,organic_search,2026-01-20
568,Russia,desktop,social_ads,2026-01-15
569,Kazakhstan,desktop,social_ads,2026-02-13
570,Belarus,desktop,organic_search,2026-01-07
571,Kazakhstan,desktop,social_ads,2026-02-10
572,Belarus,desktop,referral,2026-01-18
573,Kazakhstan,desktop,paid_search,2026-02-14
574,Russia,desktop,paid_search,2026-01-22
575,Kazakhstan,desktop,paid_search,2026-01-07
576,Belarus,mobile,organic_search,2026-01-03
577,Belarus,mobile,organic_search,2026-02-15
578,Russia,desktop,referral,2026-02-15
579,Russia,mobile,organic_search,2026-02-01
580,Russia,desktop,social_ads,2026-02-13
581,Belarus,desktop,referral,2026-01-10
582,Kazakhstan,mobile,referral,2026-01-10
583,Russia,desktop,paid_search,2026-02-13
584,Belarus,desktop,organic_search,2026-01-20
585,Kazakhstan,mobile,paid_search,2026-01-12
586,Russia,desktop,organic_search,2026-01-18
587,Kazakhstan,mobile,social_ads,2026-01-18
588,Russia,mobile,social_ads,2026-02-01
589,Russia,mobile,organic_search,2026-01-04
590,Russia,mobile,social_ads,2026-01-04
591,Kazakhstan,mobile,organic_search,2026-01-01
592,Kazakhstan,desktop,social_ads,2026-01-05
593,Belarus,desktop,social_ads,2026-02-11
594,Belarus,mobile,paid_search,2026-02-07
595,Kazakhstan,desktop,paid_search,2026-02-14
596,Russia,desktop,organic_search,2026-01-09
597,Russia,mobile,paid_search,2026-01-23
598,Kazakhstan,mobile,organic_search,2026-01-10
599,Russia,mobile,paid_search,2026-02-12
600,Russia,mobile,paid_search,2026-01-11
601,Russia,mobile,organic_search,2026-01-04
602,Kazakhstan,desktop,paid_search,2026-02-05
603,Kazakhstan,mobile,social_ads,2026-02-09
604,Russia,desktop,organic_search,2026-02-07
605,Belarus,desktop,referral,2026-01-07
606,Kazakhstan,desktop,referral,2026-01-14
607,Russia,desktop,referral,2026-01-27
608,Belarus,mobile,organic_search,2026-02-13
609,Russia,mobile,referral,2026-02-05
610,Russia,desktop,organic_search,2026-01-09
611,Russia,desktop,organic_search,2026-01-16
612,Kazakhstan,mobile,paid_search,2026-01-19
613,Belarus,desktop,paid_search,2026-01-11
614,Kazakhstan,mobile,social_ads,2026-01-27
615,Russia,mobile,paid_search,2026-02-14
616,Russia,mobile,referral,2026-01-05
617,Russia,mobile,organic_search,2026-01-15
618,Russia,mobile,organic_search,2026-02-02
619,Belarus,desktop,social_ads,2026-01-21
620,Kazakhstan,desktop,social_ads,2026-02-13
621,Russia,mobile,referral,2026-01-12
622,Russia,mobile,social_ads,2026-01-21
623,Russia,desktop,organic_search,2026-01-07
624,Belarus,desktop,paid_search,2026-02-10
625,Russia,desktop,organic_search,2026-01-09
626,Kazakhstan,desktop,social_ads,2026-02-02
627,Russia,desktop,social_ads,2026-01-09
628,Belarus,desktop,social_ads,2026-02-05
629,Kazakhstan,desktop,organic_search,2026-01-04
630,Kazakhstan,mobile,paid_search,2026-01-12
631,Belarus,mobile,referral,2026-01-08
632,Kazakhstan,desktop,social_ads,2026-01-28
633,Kazakhstan,mobile,paid_search,2026-02-01
634,Kazakhstan,mobile,social_ads,2026-02-07
635,Belarus,desktop,referral,2026-01-08
636,Kazakhstan,desktop,referral,2026-01-09
637,Belarus,mobile,paid_search,2026-02-14
638,Belarus,mobile,referral,2026-01-03
639,Kazakhstan,desktop,social_ads,2026-02-02
640,Russia,mobile,referral,2026-01-10
641,Russia,mobile,organic_search,2026-01-14
642,Russia,desktop,organic_search,2026-01-28
643,Belarus,mobile,referral,2026-01-30
644,Belarus,desktop,social_ads,2026-02-11
645,Belarus,desktop,organic_search,2026-01-16
646,Belarus,desktop,paid_search,2026-01-17
647,Russia,desktop,social_ads,2026-01-16
648,Kazakhstan,mobile,social_ads,2026-01-03
649,Russia,mobile,referral,2026-01-04
650,Russia,mobile,referral,2026-01-15
651,Belarus,desktop,social_ads,2026-01-16
652,Belarus,mobile,organic_search,2026-02-15
653,Russia,mobile,social_ads,2026-01-06
654,Belarus,desktop,organic_search,2026-02-03
655,Russia,desktop,social_ads,2026-01-09
656,Kazakhstan,mobile,referral,2026-01-31
657,Russia,desktop,organic_search,2026-02-07
658,Belarus,mobile,organic_search,2026-01-05
659,Kazakhstan,desktop,paid_search,2026-02-06
660,Russia,desktop,organic_search,2026-02-10
661,Kazakhstan,desktop,paid_search,2026-01-30
662,Russia,mobile,referral,2026-01-19
663,Belarus,mobile,referral,2026-01-31
664,Kazakhstan,mobile,organic_search,2026-02-09
665,Russia,mobile,paid_search,2026-01-27
666,Kazakhstan,desktop,paid_search,2026-01-31
667,Russia,desktop,organic_search,2026-01-06
668,Russia,mobile,referral,2026-01-12
669,Russia,desktop,paid_search,2026-01-23
670,Belarus,desktop,social_ads,2026-01-22
671,Kazakhstan,desktop,paid_search,2026-02-01
672,Kazakhstan,desktop,paid_search,2026-01-03
673,Belarus,mobile,paid_search,2026-02-14
674,Belarus,desktop,social_ads,2026-01-12
675,Belarus,mobile,referral,2026-01-16
676,Kazakhstan,mobile,referral,2026-01-31
677,Belarus,mobile,social_ads,2026-01-27
678,Russia,desktop,social_ads,2026-02-15
679,Kazakhstan,mobile,paid_search,2026-01-02
680,Russia,mobile,paid_search,2026-01-16
681,Russia,mobile,organic_search,2026-01-10
682,Belarus,mobile,organic_search,2026-01-06
683,Russia,desktop,paid_search,2026-01-02
684,Belarus,mobile,organic_search,2026-02-14
685,Kazakhstan,desktop,paid_search,2026-01-30
686,Russia,desktop,referral,2026-01-28
687,Kazakhstan,mobile,referral,2026-02-11
688,Kazakhstan,mobile,referral,2026-01-18
689,Kazakhstan,desktop,referral,2026-01-05
690,Kazakhstan,mobile,referral,2026-02-04
691,Belarus,desktop,organic_search,2026-01-03
692,Russia,mobile,organic_search,2026-02-02
693,Russia,desktop,social_ads,2026-01-19
694,Russia,mobile,referral,2026-01-19
695,Kazakhstan,mobile,organic_search,2026-01-23
696,Kazakhstan,desktop,referral,2026-01-30
697,Russia,desktop,referral,2026-01-04
698,Belarus,mobile,referral,2026-02-02
699,Kazakhstan,mobile,organic_search,2026-01-22
700,Kazakhstan,mobile,social_ads,2026-01-13
701,Russia,desktop,referral,2026-01-16
702,Russia,mobile,paid_search,2026-01-07
703,Belarus,mobile,social_ads,2026-01-25
704,Belarus,mobile,paid_search,2026-01-25
705,Russia,mobile,paid_search,2026-02-13
706,Kazakhstan,desktop,referral,2026-01-06
707,Kazakhstan,desktop,paid_search,2026-02-03
708,Russia,desktop,social_ads,2026-01-13
709,Kazakhstan,desktop,referral,2026-01-09
710,Belarus,desktop,organic_search,2026-01-30
711,Belarus,desktop,organic_search,2026-02-04
712,Kazakhstan,mobile,organic_search,2026-02-03
713,Russia,desktop,social_ads,2026-02-13
714,Belarus,desktop,paid_search,2026-01-03
715,Russia,mobile,organic_search,2026-02-12
716,Russia,desktop,paid_search,2026-01-23
717,Russia,mobile,paid_search,2026-01-19
718,Kazakhstan,mobile,referral,2026-01-18
719,Kazakhstan,mobile,social_ads,2026-01-04
720,Kazakhstan,desktop,paid_search,2026-01-07
721,Russia,mobile,social_ads,2026-01-22
722,Belarus,desktop,social_ads,2026-02-10
723,Belarus,mobile,organic_search,2026-01-22
724,Belarus,mobile,referral,2026-02-03
725,Russia,mobile,organic_search,2026-01-27
726,Belarus,desktop,paid_search,2026-01-31
727,Russia,desktop,organic_search,2026-02-01
728,Belarus,desktop,referral,2026-02-12
729,Russia,desktop,paid_search,2026-02-13
730,Belarus,desktop,paid_search,2026-02-13
731,Russia,desktop,social_ads,2026-01-10
732,Russia,desktop,paid_search,2026-01-23
733,Kazakhstan,mobile,social_ads,2026-01-03
734,Russia,mobile,referral,2026-01-26
735,Russia,mobile,social_ads,2026-01-07
736,Belarus,desktop,referral,2026-01-28
737,Russia,mobile,paid_search,2026-02-08
738,Kazakhstan,mobile,social_ads,2026-02-07
739,Belarus,desktop,social_ads,2026-01-31
740,Belarus,mobile,referral,2026-01-02
741,Kazakhstan,desktop,paid_search,2026-01-15
742,Russia,mobile,paid_search,2026-01-25
743,Russia,desktop,organic_search,2026-02-09
744,Belarus,desktop,social_ads,2026-02-11
745,Russia,desktop,organic_search,2026-02-08
746,Kazakhstan,mobile,social_ads,2026-02-04
747,Kazakhstan,mobile,referral,2026-02-15
748,Kazakhstan,desktop,referral,2026-01-30
749,Kazakhstan,mobile,paid_search,2026-02-09
750,Russia,mobile,referral,2026-02-09
751,Belarus,mobile,social_ads,2026-01-16
752,Kazakhstan,mobile,organic_search,2026-01-24
753,Belarus,mobile,organic_search,2026-01-10
754,Belarus,desktop,referral,2026-01-25
755,Russia,desktop,social_ads,2026-01-22
756,Kazakhstan,mobile,paid_search,2026-01-16
757,Russia,mobile,paid_search,2026-02-06
758,Russia,desktop,social_ads,2026-01-24
759,Belarus,desktop,organic_search,2026-01-07
760,Belarus,mobile,paid_search,2026-02-13
761,Belarus,desktop,organic_search,2026-01-25
762,Russia,mobile,organic_search,2026-01-14
763,Belarus,desktop,social_ads,2026-01-23
764,Russia,mobile,organic_search,2026-02-03
765,Belarus,desktop,organic_search,2026-02-11
766,Kazakhstan,mobile,paid_search,2026-01-28
767,Kazakhstan,mobile,social_ads,2026-01-13
768,Russia,desktop,referral,2026-02-05
769,Belarus,desktop,organic_search,2026-01-10
770,Kazakhstan,desktop,referral,2026-02-03
771,Russia,mobile,social_ads,2026-02-13
772,Kazakhstan,mobile,paid_search,2026-02-01
773,Belarus,mobile,referral,2026-02-05
774,Russia,mobile,referral,2026-01-27
775,Kazakhstan,mobile,social_ads,2026-01-15
776,Russia,mobile,organic_search,2026-01-13
777,Kazakhstan,mobile,social_ads,2026-01-20
778,Kazakhstan,mobile,social_ads,2026-01-14
779,Kazakhstan,desktop,paid_search,2026-01-28
780,Kazakhstan,desktop,social_ads,2026-01-22
781,Kazakhstan,mobile,referral,2026-02-15
782,Russia,desktop,social_ads,2026-01-01
783,Belarus,desktop,paid_search,2026-01-31
784,Kazakhstan,mobile,referral,2026-01-19
785,Kazakhstan,desktop,paid_search,2026-02-05
786,Russia,desktop,paid_search,2026-01-13
787,Kazakhstan,mobile,referral,2026-01-18
788,Belarus,mobile,organic_search,2026-01-07
789,Kazakhstan,desktop,organic_search,2026-01-08
790,Kazakhstan,desktop,referral,2026-01-28
791,Kazakhstan,desktop,social_ads,2026-01-01
792,Belarus,mobile,referral,2026-01-11
793,Belarus,desktop,referral,2026-01-10
794,Russia,desktop,organic_search,2026-01-01
795,Belarus,mobile,paid_search,2026-01-13
796,Belarus,desktop,paid_search,2026-02-14
797,Russia,mobile,referral,2026-01-11
798,Belarus,mobile,paid_search,2026-02-15
799,Russia,desktop,social_ads,2026-01-25
800,Belarus,desktop,organic_search,2026-01-26
801,Kazakhstan,mobile,organic_search,2026-01-29
802,Belarus,mobile,paid_search,2026-01-09
803,Belarus,mobile,paid_search,2026-02-14
804,Russia,desktop,organic_search,2026-01-24
805,Kazakhstan,mobile,paid_search,2026-01-15
806,Belarus,mobile,organic_search,2026-01-25
807,Belarus,mobile,referral,2026-01-25
808,Kazakhstan,desktop,paid_search,2026-01-18
809,Russia,mobile,social_ads,2026-02-05
810,Belarus,desktop,organic_search,2026-02-09
811,Kazakhstan,desktop,organic_search,2026-01-09
812,Belarus,desktop,organic_search,2026-01-19
813,Kazakhstan,mobile,paid_search,2026-01-16
814,Belarus,mobile,paid_search,2026-02-02
815,Belarus,desktop,social_ads,2026-02-06
816,Russia,mobile,referral,2026-01-22
817,Belarus,mobile,referral,2026-01-30
818,Russia,desktop,social_ads,2026-02-11
819,Kazakhstan,mobile,referral,2026-02-09
820,Kazakhstan,desktop,referral,2026-02-13
821,Belarus,mobile,organic_search,2026-02-03
822,Russia,desktop,organic_search,2026-01-19
823,Kazakhstan,desktop,social_ads,2026-01-09
824,Russia,mobile,organic_search,2026-02-02
825,Russia,mobile,referral,2026-01-16
826,Belarus,mobile,social_ads,2026-01-24
827,Russia,desktop,referral,2026-02-11
828,Belarus,desktop,referral,2026-01-08
829,Belarus,mobile,referral,2026-02-14
830,Belarus,desktop,social_ads,2026-02-05
831,Kazakhstan,mobile,organic_search,2026-01-14
832,Kazakhstan,mobile,social_ads,2026-01-25
833,Kazakhstan,desktop,organic_search,2026-02-05
834,Belarus,desktop,referral,2026-01-20
835,Belarus,mobile,referral,2026-02-10
836,Russia,mobile,social_ads,2026-01-14
837,Russia,mobile,referral,2026-02-04
838,Russia,desktop,organic_search,2026-01-29
839,Russia,desktop,social_ads,2026-02-14
840,Russia,mobile,social_ads,2026-01-29
841,Russia,desktop,organic_search,2026-01-20
842,Belarus,desktop,social_ads,2026-01-19
843,Kazakhstan,desktop,organic_search,2026-02-01
844,Russia,mobile,organic_search,2026-01-31
845,Kazakhstan,mobile,paid_search,2026-01-27
846,Kazakhstan,desktop,referral,2026-01-24
847,Belarus,mobile,referral,2026-01-09
848,Russia,desktop,organic_search,2026-01-12
849,Kazakhstan,desktop,paid_search,2026-02-08
850,Kazakhstan,desktop,social_ads,2026-02-07
851,Belarus,desktop,social_ads,2026-01-15
852,Kazakhstan,desktop,social_ads,2026-01-13
853,Kazakhstan,desktop,referral,2026-02-03
854,Kazakhstan,desktop,paid_search,2026-01-30
855,Kazakhstan,desktop,paid_search,2026-01-19
856,Belarus,desktop,referral,2026-01-01
857,Belarus,desktop,paid_search,2026-01-08
858,Belarus,mobile,referral,2026-01-31
859,Russia,mobile,referral,2026-01-11
860,Russia,mobile,social_ads,2026-01-29
861,Russia,mobile,organic_search,2026-02-13
862,Belarus,desktop,referral,2026-02-08
863,Kazakhstan,desktop,organic_search,2026-01-19
864,Kazakhstan,desktop,paid_search,2026-01-30
865,Kazakhstan,mobile,paid_search,2026-01-15
866,Kazakhstan,mobile,social_ads,2026-01-06
867,Kazakhstan,desktop,social_ads,2026-02-11
868,Belarus,desktop,organic_search,2026-01-26
869,Russia,mobile,paid_search,2026-02-14
870,Belarus,desktop,organic_search,2026-01-08
871,Kazakhstan,desktop,organic_search,2026-01-19
872,Russia,mobile,social_ads,2026-01-17
873,Russia,desktop,paid_search,2026-01-10
874,Belarus,desktop,referral,2026-01-01
875,Kazakhstan,mobile,social_ads,2026-01-14
876,Belarus,desktop,paid_search,2026-01-13
877,Belarus,mobile,organic_search,2026-01-25
878,Belarus,mobile,social_ads,2026-01-28
879,Kazakhstan,mobile,paid_search,2026-01-03
880,Kazakhstan,desktop,referral,2026-01-26
881,Belarus,mobile,organic_search,2026-02-07
882,Belarus,mobile,organic_search,2026-01-03
883,Kazakhstan,desktop,referral,2026-01-24
884,Kazakhstan,desktop,social_ads,2026-01-31
885,Belarus,desktop,organic_search,2026-02-10
886,Kazakhstan,desktop,organic_search,2026-01-19
887,Russia,desktop,social_ads,2026-01-05
888,Kazakhstan,mobile,paid_search,2026-02-02
889,Kazakhstan,mobile,social_ads,2026-01-15
890,Belarus,desktop,paid_search,2026-01-19
891,Belarus,desktop,referral,2026-02-12
892,Kazakhstan,desktop,referral,2026-01-05
893,Belarus,desktop,organic_search,2026-01-27
894,Russia,desktop,organic_search,2026-01-22
895,Russia,mobile,referral,2026-01-19
896,Belarus,desktop,organic_search,2026-01-25
897,Kazakhstan,mobile,paid_search,2026-01-09
898,Belarus,desktop,paid_search,2026-01-23
899,Russia,desktop,referral,2026-02-10
900,Belarus,mobile,paid_search,2026-01-31
901,Russia,mobile,social_ads,2026-01-05
902,Russia,mobile,referral,2026-01-12
903,Belarus,mobile,referral,2026-02-09
904,Belarus,desktop,social_ads,2026-01-31
905,Belarus,desktop,organic_search,2026-01-07
906,Kazakhstan,desktop,referral,2026-01-20
907,Russia,desktop,referral,2026-02-03
908,Russia,mobile,referral,2026-01-27
909,Belarus,desktop,paid_search,2026-01-02
910,Russia,mobile,organic_search,2026-01-19
911,Russia,desktop,organic_search,2026-02-02
912,Russia,desktop,paid_search,2026-02-11
913,Kazakhstan,mobile,social_ads,2026-02-15
914,Kazakhstan,desktop,referral,2026-01-31
915,Belarus,mobile,social_ads,2026-01-03
916,Kazakhstan,desktop,social_ads,2026-02-02
917,Kazakhstan,desktop,paid_search,2026-01-25
918,Russia,mobile,social_ads,2026-02-06
919,Russia,desktop,organic_search,2026-01-12
920,Belarus,mobile,social_ads,2026-01-03
921,Kazakhstan,desktop,referral,2026-01-01
922,Belarus,desktop,paid_search,2026-01-01
923,Belarus,mobile,paid_search,2026-02-11
924,Russia,mobile,paid_search,2026-01-12
925,Belarus,mobile,organic_search,2026-01-19
926,Russia,mobile,paid_search,2026-01-17
927,Belarus,desktop,organic_search,2026-01-03
928,Russia,mobile,organic_search,2026-02-15
929,Russia,mobile,paid_search,2026-02-10
930,Belarus,desktop,social_ads,2026-01-29
931,Russia,desktop,paid_search,2026-01-25
932,Belarus,desktop,social_ads,2026-01-20
933,Russia,mobile,paid_search,2026-02-01
934,Russia,desktop,referral,2026-01-30
935,Belarus,mobile,referral,2026-01-19
936,Russia,mobile,social_ads,2026-01-04
937,Russia,desktop,paid_search,2026-02-08
938,Russia,mobile,referral,2026-01-27
939,Kazakhstan,mobile,referral,2026-02-13
940,Russia,mobile,organic_search,2026-02-12
941,Kazakhstan,mobile,paid_search,2026-01-06
942,Kazakhstan,mobile,organic_search,2026-01-30
943,Kazakhstan,mobile,organic_search,2026-01-15
944,Russia,desktop,organic_search,2026-02-04
945,Belarus,desktop,organic_search,2026-01-14
946,Russia,mobile,paid_search,2026-01-01
947,Russia,mobile,paid_search,2026-01-03
948,Kazakhstan,mobile,paid_search,2026-02-02
949,Belarus,mobile,paid_search,2026-01-12
950,Kazakhstan,desktop,paid_search,2026-01-04
951,Belarus,mobile,social_ads,2026-01-01
952,Russia,mobile,organic_search,2026-01-28
953,Belarus,mobile,paid_search,2026-01-09
954,Belarus,desktop,referral,2026-01-09
955,Russia,desktop,paid_search,2026-02-10
956,Kazakhstan,mobile,referral,2026-02-01
957,Russia,desktop,paid_search,2026-01-26
958,Kazakhstan,mobile,referral,2026-01-20
959,Belarus,desktop,organic_search,2026-01-27
960,Belarus,desktop,social_ads,2026-02-10
961,Kazakhstan,mobile,organic_search,2026-01-18
962,Kazakhstan,mobile,referral,2026-01-19
963,Russia,mobile,organic_search,2026-01-04
964,Belarus,mobile,organic_search,2026-01-18
965,Kazakhstan,desktop,paid_search,2026-01-05
966,Belarus,mobile,organic_search,2026-01-03
967,Belarus,desktop,organic_search,2026-01-26
968,Kazakhstan,mobile,paid_search,2026-02-13
969,Kazakhstan,mobile,referral,2026-01-04
970,Belarus,desktop,referral,2026-02-01
971,Kazakhstan,desktop,paid_search,2026-01-11
972,Russia,desktop,organic_search,2026-01-22
973,Belarus,mobile,referral,2026-01-31
974,Russia,desktop,organic_search,2026-01-25
975,Kazakhstan,desktop,organic_search,2026-02-09
976,Belarus,desktop,social_ads,2026-01-09
977,Russia,mobile,paid_search,2026-02-03
978,Russia,desktop,organic_search,2026-01-23
979,Russia,desktop,referral,2026-02-13
980,Kazakhstan,mobile,organic_search,2026-01-15
981,Kazakhstan,desktop,organic_search,2026-01-15
982,Kazakhstan,mobile,social_ads,2026-02-05
983,Kazakhstan,desktop,referral,2026-01-02
984,Belarus,desktop,referral,2026-01-03
985,Kazakhstan,desktop,social_ads,2026-01-14
986,Kazakhstan,mobile,organic_search,2026-01-24
987,Russia,mobile,social_ads,2026-02-07
988,Kazakhstan,mobile,paid_search,2026-01-18
989,Russia,mobile,paid_search,2026-01-03
990,Kazakhstan,mobile,paid_search,2026-02-04
991,Kazakhstan,desktop,organic_search,2026-01-08
992,Russia,desktop,paid_search,2026-02-09
993,Belarus,mobile,social_ads,2026-02-08
994,Russia,mobile,social_ads,2026-01-06
995,Belarus,desktop,social_ads,2026-01-29
996,Kazakhstan,desktop,paid_search,2026-02-05
997,Kazakhstan,mobile,social_ads,2026-01-13
998,Kazakhstan,mobile,social_ads,2026-02-06
999,Belarus,mobile,organic_search,2026-01-23
1000,Kazakhstan,mobile,organic_search,2026-02-05
